INSERT INTO estoques (id, nome, descricao, endereco, criado_em, atualizado_em) VALUES
(1, 'Estoque Central', 'Principal centro de distribuição', 'Rua das Palmeiras, 123 - São Paulo, SP', '2024-09-22 12:06:11', '2024-06-19 13:06:05'),
(2, 'Estoque Norte', 'Unidade Norte', 'Av. Amazonas, 456 - Manaus, AM', '2024-08-12 08:32:24', '2024-06-19 04:13:22'),
(3, 'Estoque Sul', 'Unidade Sul', 'Rua das Hortênsias, 789 - Porto Alegre, RS', '2024-03-20 09:40:01', '2024-05-21 05:16:13'),
(4, 'Estoque Leste', 'Unidade Leste', 'Av. do Sol, 321 - Recife, PE', '2024-11-01 20:28:20', '2024-12-30 22:43:37'),
(5, 'Estoque Oeste', 'Unidade Oeste', 'Rua das Acácias, 654 - Cuiabá, MT', '2024-01-13 11:48:42', '2024-10-05 05:59:45'),
(6, 'Estoque Campinas', 'Unidade Campinas', 'Rua Tiradentes, 147 - Campinas, SP', '2024-11-19 20:49:19', '2024-11-19 11:30:48'),
(7, 'Estoque Salvador', 'Unidade Salvador', 'Av. Oceânica, 852 - Salvador, BA', '2024-01-19 01:40:09', '2024-04-24 00:12:09'),
(8, 'Estoque Curitiba', 'Unidade Curitiba', 'Rua XV de Novembro, 963 - Curitiba, PR', '2024-09-10 12:44:55', '2024-09-26 00:59:46'),
(9, 'Estoque Brasília', 'Unidade Brasília', 'Eixo Monumental, 852 - Brasília, DF', '2024-04-15 15:03:47', '2024-10-08 05:26:31'),
(10, 'Estoque Goiânia', 'Unidade Goiânia', 'Av. Anhanguera, 741 - Goiânia, GO', '2024-03-04 18:10:29', '2024-02-24 04:29:08'),
(11, 'Estoque Fortaleza', 'Unidade Fortaleza', 'Av. Beira Mar, 369 - Fortaleza, CE', '2024-02-05 23:33:27', '2024-05-16 23:51:39'),
(12, 'Estoque Belo Horizonte', 'Unidade BH', 'Av. Afonso Pena, 258 - Belo Horizonte, MG', '2024-03-07 16:01:25', '2024-04-17 22:48:26'),
(13, 'Estoque Belém', 'Unidade Belém', 'Rua dos Navegantes, 103 - Belém, PA', '2024-02-01 22:11:12', '2024-09-29 04:19:29'),
(14, 'Estoque Florianópolis', 'Unidade Floripa', 'Rua das Gaivotas, 456 - Florianópolis, SC', '2024-08-06 08:42:08', '2024-05-07 08:35:23');

INSERT INTO usuarios (id, nome, email, criado_em, atualizado_em) VALUES
(1, 'Carlos Silva', 'carlos.silva@empresa.com', '2024-09-11 18:51:43', '2024-04-30 05:53:56'),
(2, 'Ana Pereira', 'ana.pereira@empresa.com', '2024-06-12 05:09:28', '2024-08-01 07:27:15'),
(3, 'João Oliveira', 'joao.oliveira@empresa.com', '2024-12-03 13:46:28', '2024-10-09 09:33:49'),
(4, 'Mariana Costa', 'mariana.costa@empresa.com', '2024-04-16 18:15:12', '2024-02-22 03:10:18'),
(5, 'Rafael Lima', 'rafael.lima@empresa.com', '2024-12-06 21:59:44', '2024-10-28 05:02:05'),
(6, 'Fernanda Souza', 'fernanda.souza@empresa.com', '2024-12-28 01:54:39', '2024-07-21 13:53:12'),
(7, 'Lucas Rocha', 'lucas.rocha@empresa.com', '2024-06-21 09:58:44', '2024-05-22 07:49:51'),
(8, 'Juliana Martins', 'juliana.martins@empresa.com', '2024-06-16 03:10:21', '2024-12-14 02:10:00');

INSERT INTO fornecedores (id, cnpj, nome_fantasia, razao_social, inscricao_estadual, endereco, criado_em, atualizado_em) VALUES
(1, '00.000.000/0001-00', 'Distribuidora B1', 'Distribuidora B1 LTDA', 'IE00001', 'Endereço 1 - Cidade 1', '2024-06-22 07:20:38', '2024-11-17 11:20:15'),
(2, '00.000.000/0002-00', 'Distribuidora C2', 'Distribuidora C2 LTDA', 'IE00002', 'Endereço 2 - Cidade 2', '2024-08-18 15:05:58', '2024-09-10 16:02:31'),
(3, '00.000.000/0003-00', 'Distribuidora D3', 'Distribuidora D3 LTDA', 'IE00003', 'Endereço 3 - Cidade 3', '2024-07-14 23:27:43', '2024-08-05 13:48:46'),
(4, '00.000.000/0004-00', 'Distribuidora E4', 'Distribuidora E4 LTDA', 'IE00004', 'Endereço 4 - Cidade 4', '2024-11-04 08:02:37', '2024-09-24 15:15:37'),
(5, '00.000.000/0005-00', 'Distribuidora F5', 'Distribuidora F5 LTDA', 'IE00005', 'Endereço 5 - Cidade 5', '2024-10-11 13:34:49', '2024-07-15 15:24:37'),
(6, '00.000.000/0006-00', 'Distribuidora G6', 'Distribuidora G6 LTDA', 'IE00006', 'Endereço 6 - Cidade 6', '2024-04-01 19:55:19', '2024-08-18 21:31:48'),
(7, '00.000.000/0007-00', 'Distribuidora H7', 'Distribuidora H7 LTDA', 'IE00007', 'Endereço 7 - Cidade 7', '2024-06-11 11:24:42', '2024-08-02 21:36:47'),
(8, '00.000.000/0008-00', 'Distribuidora I8', 'Distribuidora I8 LTDA', 'IE00008', 'Endereço 8 - Cidade 8', '2024-09-29 21:30:59', '2024-09-16 08:19:12'),
(9, '00.000.000/0009-00', 'Distribuidora J9', 'Distribuidora J9 LTDA', 'IE00009', 'Endereço 9 - Cidade 9', '2024-08-17 02:22:54', '2024-09-04 15:49:48'),
(10, '00.000.000/0010-00', 'Distribuidora K10', 'Distribuidora K10 LTDA', 'IE00010', 'Endereço 10 - Cidade 10', '2024-03-25 00:57:53', '2024-09-29 19:56:54'),
(11, '00.000.000/0011-00', 'Distribuidora L11', 'Distribuidora L11 LTDA', 'IE00011', 'Endereço 11 - Cidade 11', '2024-11-04 10:41:16', '2024-06-21 22:30:21'),
(12, '00.000.000/0012-00', 'Distribuidora M12', 'Distribuidora M12 LTDA', 'IE00012', 'Endereço 12 - Cidade 12', '2024-07-28 18:01:39', '2024-07-21 03:45:43'),
(13, '00.000.000/0013-00', 'Distribuidora N13', 'Distribuidora N13 LTDA', 'IE00013', 'Endereço 13 - Cidade 13', '2024-07-06 00:27:59', '2024-07-16 21:17:13'),
(14, '00.000.000/0014-00', 'Distribuidora O14', 'Distribuidora O14 LTDA', 'IE00014', 'Endereço 14 - Cidade 14', '2024-05-06 22:06:29', '2024-04-06 05:40:31'),
(15, '00.000.000/0015-00', 'Distribuidora P15', 'Distribuidora P15 LTDA', 'IE00015', 'Endereço 15 - Cidade 15', '2024-01-05 09:52:55', '2024-01-31 20:39:26'),
(16, '00.000.000/0016-00', 'Distribuidora Q16', 'Distribuidora Q16 LTDA', 'IE00016', 'Endereço 16 - Cidade 16', '2024-10-28 00:25:33', '2024-05-31 22:39:34'),
(17, '00.000.000/0017-00', 'Distribuidora R17', 'Distribuidora R17 LTDA', 'IE00017', 'Endereço 17 - Cidade 17', '2024-04-04 05:12:29', '2024-02-04 06:29:35'),
(18, '00.000.000/0018-00', 'Distribuidora S18', 'Distribuidora S18 LTDA', 'IE00018', 'Endereço 18 - Cidade 18', '2024-08-24 05:30:00', '2024-11-25 12:43:16'),
(19, '00.000.000/0019-00', 'Distribuidora T19', 'Distribuidora T19 LTDA', 'IE00019', 'Endereço 19 - Cidade 19', '2024-05-30 07:04:11', '2024-10-02 18:24:25'),
(20, '00.000.000/0020-00', 'Distribuidora U20', 'Distribuidora U20 LTDA', 'IE00020', 'Endereço 20 - Cidade 20', '2024-08-28 21:47:21', '2024-01-10 10:49:21'),
(21, '00.000.000/0021-00', 'Distribuidora V21', 'Distribuidora V21 LTDA', 'IE00021', 'Endereço 21 - Cidade 21', '2024-10-21 13:57:20', '2024-10-29 02:08:15'),
(22, '00.000.000/0022-00', 'Distribuidora W22', 'Distribuidora W22 LTDA', 'IE00022', 'Endereço 22 - Cidade 22', '2024-07-16 20:40:22', '2024-06-23 03:45:24'),
(23, '00.000.000/0023-00', 'Distribuidora X23', 'Distribuidora X23 LTDA', 'IE00023', 'Endereço 23 - Cidade 23', '2024-06-30 16:57:15', '2024-08-31 14:14:35'),
(24, '00.000.000/0024-00', 'Distribuidora Y24', 'Distribuidora Y24 LTDA', 'IE00024', 'Endereço 24 - Cidade 24', '2024-03-13 07:22:55', '2024-01-12 12:32:21'),
(25, '00.000.000/0025-00', 'Distribuidora Z25', 'Distribuidora Z25 LTDA', 'IE00025', 'Endereço 25 - Cidade 25', '2024-04-27 13:54:40', '2024-11-21 21:23:02'),
(26, '00.000.000/0026-00', 'Distribuidora A26', 'Distribuidora A26 LTDA', 'IE00026', 'Endereço 26 - Cidade 26', '2024-09-23 01:35:36', '2024-07-14 17:35:01'),
(27, '00.000.000/0027-00', 'Distribuidora B27', 'Distribuidora B27 LTDA', 'IE00027', 'Endereço 27 - Cidade 0', '2024-08-26 18:42:37', '2024-05-28 15:19:07'),
(28, '00.000.000/0028-00', 'Distribuidora C28', 'Distribuidora C28 LTDA', 'IE00028', 'Endereço 28 - Cidade 1', '2024-10-30 10:54:33', '2024-04-22 19:11:25'),
(29, '00.000.000/0029-00', 'Distribuidora D29', 'Distribuidora D29 LTDA', 'IE00029', 'Endereço 29 - Cidade 2', '2024-04-30 08:40:40', '2024-11-05 14:49:28'),
(30, '00.000.000/0030-00', 'Distribuidora E30', 'Distribuidora E30 LTDA', 'IE00030', 'Endereço 30 - Cidade 3', '2024-12-28 19:22:52', '2024-07-21 01:30:04'),
(31, '00.000.000/0031-00', 'Distribuidora F31', 'Distribuidora F31 LTDA', 'IE00031', 'Endereço 31 - Cidade 4', '2024-08-05 00:32:07', '2024-02-08 00:18:44'),
(32, '00.000.000/0032-00', 'Distribuidora G32', 'Distribuidora G32 LTDA', 'IE00032', 'Endereço 32 - Cidade 5', '2024-06-25 23:23:56', '2024-06-28 22:35:25'),
(33, '00.000.000/0033-00', 'Distribuidora H33', 'Distribuidora H33 LTDA', 'IE00033', 'Endereço 33 - Cidade 6', '2024-05-30 21:27:10', '2024-04-07 16:37:34'),
(34, '00.000.000/0034-00', 'Distribuidora I34', 'Distribuidora I34 LTDA', 'IE00034', 'Endereço 34 - Cidade 7', '2024-01-22 17:16:35', '2024-05-08 13:03:05'),
(35, '00.000.000/0035-00', 'Distribuidora J35', 'Distribuidora J35 LTDA', 'IE00035', 'Endereço 35 - Cidade 8', '2024-12-05 19:01:43', '2024-08-16 11:41:39'),
(36, '00.000.000/0036-00', 'Distribuidora K36', 'Distribuidora K36 LTDA', 'IE00036', 'Endereço 36 - Cidade 9', '2024-07-09 20:21:18', '2024-03-02 10:10:03'),
(37, '00.000.000/0037-00', 'Distribuidora L37', 'Distribuidora L37 LTDA', 'IE00037', 'Endereço 37 - Cidade 10', '2024-05-01 02:38:00', '2024-04-11 14:36:05'),
(38, '00.000.000/0038-00', 'Distribuidora M38', 'Distribuidora M38 LTDA', 'IE00038', 'Endereço 38 - Cidade 11', '2024-04-30 10:13:16', '2024-02-10 08:51:32'),
(39, '00.000.000/0039-00', 'Distribuidora N39', 'Distribuidora N39 LTDA', 'IE00039', 'Endereço 39 - Cidade 12', '2024-12-08 07:20:57', '2024-01-26 03:30:59'),
(40, '00.000.000/0040-00', 'Distribuidora O40', 'Distribuidora O40 LTDA', 'IE00040', 'Endereço 40 - Cidade 13', '2024-12-28 21:36:10', '2024-06-08 04:17:31'),
(41, '00.000.000/0041-00', 'Distribuidora P41', 'Distribuidora P41 LTDA', 'IE00041', 'Endereço 41 - Cidade 14', '2024-05-04 07:29:00', '2024-09-20 11:45:48'),
(42, '00.000.000/0042-00', 'Distribuidora Q42', 'Distribuidora Q42 LTDA', 'IE00042', 'Endereço 42 - Cidade 15', '2024-04-06 09:21:03', '2024-08-12 15:25:45'),
(43, '00.000.000/0043-00', 'Distribuidora R43', 'Distribuidora R43 LTDA', 'IE00043', 'Endereço 43 - Cidade 16', '2024-04-12 14:05:01', '2024-01-13 23:37:16'),
(44, '00.000.000/0044-00', 'Distribuidora S44', 'Distribuidora S44 LTDA', 'IE00044', 'Endereço 44 - Cidade 17', '2024-07-18 17:17:25', '2024-12-18 17:19:11'),
(45, '00.000.000/0045-00', 'Distribuidora T45', 'Distribuidora T45 LTDA', 'IE00045', 'Endereço 45 - Cidade 18', '2024-08-18 16:17:08', '2024-07-04 10:55:35'),
(46, '00.000.000/0046-00', 'Distribuidora U46', 'Distribuidora U46 LTDA', 'IE00046', 'Endereço 46 - Cidade 19', '2024-07-04 21:13:29', '2024-08-06 12:54:56'),
(47, '00.000.000/0047-00', 'Distribuidora V47', 'Distribuidora V47 LTDA', 'IE00047', 'Endereço 47 - Cidade 20', '2024-07-26 05:06:24', '2024-06-19 16:10:56'),
(48, '00.000.000/0048-00', 'Distribuidora W48', 'Distribuidora W48 LTDA', 'IE00048', 'Endereço 48 - Cidade 21', '2024-07-02 01:57:19', '2024-06-24 10:52:25'),
(49, '00.000.000/0049-00', 'Distribuidora X49', 'Distribuidora X49 LTDA', 'IE00049', 'Endereço 49 - Cidade 22', '2024-11-16 01:28:56', '2024-05-21 08:46:00'),
(50, '00.000.000/0050-00', 'Distribuidora Y50', 'Distribuidora Y50 LTDA', 'IE00050', 'Endereço 50 - Cidade 23', '2024-02-05 19:31:31', '2024-01-11 01:13:08'),
(51, '00.000.000/0051-00', 'Distribuidora Z51', 'Distribuidora Z51 LTDA', 'IE00051', 'Endereço 51 - Cidade 24', '2024-09-15 00:31:42', '2024-10-19 17:37:34'),
(52, '00.000.000/0052-00', 'Distribuidora A52', 'Distribuidora A52 LTDA', 'IE00052', 'Endereço 52 - Cidade 25', '2024-09-03 05:15:42', '2024-01-16 18:54:08'),
(53, '00.000.000/0053-00', 'Distribuidora B53', 'Distribuidora B53 LTDA', 'IE00053', 'Endereço 53 - Cidade 26', '2024-12-16 10:22:47', '2024-03-15 12:41:26'),
(54, '00.000.000/0054-00', 'Distribuidora C54', 'Distribuidora C54 LTDA', 'IE00054', 'Endereço 54 - Cidade 0', '2024-01-29 01:28:26', '2024-04-26 14:04:12'),
(55, '00.000.000/0055-00', 'Distribuidora D55', 'Distribuidora D55 LTDA', 'IE00055', 'Endereço 55 - Cidade 1', '2024-03-24 10:27:29', '2024-10-17 14:48:15'),
(56, '00.000.000/0056-00', 'Distribuidora E56', 'Distribuidora E56 LTDA', 'IE00056', 'Endereço 56 - Cidade 2', '2024-05-24 06:21:11', '2024-06-26 01:21:24'),
(57, '00.000.000/0057-00', 'Distribuidora F57', 'Distribuidora F57 LTDA', 'IE00057', 'Endereço 57 - Cidade 3', '2024-01-04 04:52:53', '2024-10-06 20:58:31'),
(58, '00.000.000/0058-00', 'Distribuidora G58', 'Distribuidora G58 LTDA', 'IE00058', 'Endereço 58 - Cidade 4', '2024-01-18 04:26:08', '2024-12-02 16:17:47'),
(59, '00.000.000/0059-00', 'Distribuidora H59', 'Distribuidora H59 LTDA', 'IE00059', 'Endereço 59 - Cidade 5', '2024-09-19 03:05:52', '2024-11-21 14:46:20'),
(60, '00.000.000/0060-00', 'Distribuidora I60', 'Distribuidora I60 LTDA', 'IE00060', 'Endereço 60 - Cidade 6', '2024-05-08 10:39:57', '2024-02-08 19:18:22'),
(61, '00.000.000/0061-00', 'Distribuidora J61', 'Distribuidora J61 LTDA', 'IE00061', 'Endereço 61 - Cidade 7', '2024-04-24 04:15:43', '2024-04-05 18:32:23'),
(62, '00.000.000/0062-00', 'Distribuidora K62', 'Distribuidora K62 LTDA', 'IE00062', 'Endereço 62 - Cidade 8', '2024-03-22 22:58:48', '2024-08-14 03:01:32');

INSERT INTO produtos (id, fornecedor_id, sku, marca, nome, descricao, preco_unitario, unidade_medida, data_validade, criado_em, atualizado_em) VALUES
(1, 33, 'COC00001', 'Coca-Cola', 'Queijo Coca-Cola', 'Queijo da marca Coca-Cola', 19.13, 3.5, '2024-05-23 19:21:58', '2024-12-03 02:30:18', '2024-10-16 13:11:35'),
(2, 48, 'UNI00002', 'Unilever', 'Leite Unilever', 'Leite da marca Unilever', 68.47, 3.46, '2024-07-30 05:55:03', '2024-06-09 13:12:53', '2024-07-25 14:07:19'),
(3, 48, 'JBS00003', 'JBS', 'Carne Bovina JBS', 'Carne Bovina da marca JBS', 4.42, 1.21, '2024-07-21 10:39:05', '2024-08-18 11:41:17', '2024-05-02 13:43:18'),
(4, 24, 'DAN00004', 'Danone', 'Iogurte Danone', 'Iogurte da marca Danone', 57.54, 1.78, '2024-12-07 22:30:32', '2024-10-21 07:15:27', '2024-07-06 10:18:16'),
(5, 9, 'UNI00005', 'Unilever', 'Biscoito Unilever', 'Biscoito da marca Unilever', 79.7, 4.24, '2024-04-03 21:28:29', '2024-12-29 16:50:40', '2024-06-01 18:25:33'),
(6, 44, 'MON00006', 'Mondelez', 'Refrigerante Mondelez', 'Refrigerante da marca Mondelez', 78.6, 1.18, '2024-02-06 07:27:16', '2024-01-31 11:05:41', '2024-04-23 05:13:07'),
(7, 60, 'UNI00007', 'Unilever', 'Achocolatado Unilever', 'Achocolatado da marca Unilever', 33.88, 0.74, '2024-03-16 13:24:05', '2024-01-07 18:37:02', '2024-07-01 12:39:41'),
(8, 29, 'JBS00008', 'JBS', 'Frango Congelado JBS', 'Frango Congelado da marca JBS', 52.1, 2.35, '2024-05-10 08:18:57', '2024-05-23 22:26:48', '2024-12-29 00:26:38'),
(9, 5, 'DAN00009', 'Danone', 'Carne Bovina Danone', 'Carne Bovina da marca Danone', 26.24, 4.8, '2024-10-08 00:06:20', '2024-06-05 22:08:03', '2024-10-14 07:13:01'),
(10, 17, 'MON00010', 'Mondelez', 'Leite Mondelez', 'Leite da marca Mondelez', 96.83, 3.64, '2024-03-21 06:56:22', '2024-10-08 23:27:47', '2024-04-19 03:36:38'),
(11, 57, 'DAN00011', 'Danone', 'Achocolatado Danone', 'Achocolatado da marca Danone', 68.09, 1.78, '2024-07-03 23:46:07', '2024-03-17 23:24:30', '2024-02-19 16:14:38'),
(12, 6, 'UNI00012', 'Unilever', 'Leite Unilever', 'Leite da marca Unilever', 48.41, 4.32, '2024-08-05 05:25:44', '2024-08-31 15:20:02', '2024-08-20 10:01:16'),
(13, 3, 'MON00013', 'Mondelez', 'Cerveja Mondelez', 'Cerveja da marca Mondelez', 85.93, 0.37, '2024-03-01 00:54:45', '2024-10-05 07:05:35', '2024-08-13 02:53:15'),
(14, 47, 'BRF00014', 'BRF', 'Água Mineral BRF', 'Água Mineral da marca BRF', 20.55, 0.78, '2024-11-06 14:12:14', '2024-06-23 22:47:37', '2024-12-16 22:04:51'),
(15, 46, 'MON00015', 'Mondelez', 'Carne Bovina Mondelez', 'Carne Bovina da marca Mondelez', 70.3, 4.11, '2024-04-30 23:05:37', '2024-01-03 23:23:35', '2024-04-26 22:53:44'),
(16, 35, 'DAN00016', 'Danone', 'Frango Congelado Danone', 'Frango Congelado da marca Danone', 37.66, 2.14, '2024-09-17 05:57:23', '2024-11-07 08:19:57', '2024-03-23 07:47:59'),
(17, 21, 'BRF00017', 'BRF', 'Refrigerante BRF', 'Refrigerante da marca BRF', 57.25, 2.87, '2024-08-10 20:17:56', '2024-12-05 01:52:13', '2024-02-14 21:17:24'),
(18, 49, 'UNI00018', 'Unilever', 'Água Mineral Unilever', 'Água Mineral da marca Unilever', 66.07, 0.43, '2024-12-18 07:27:36', '2024-06-15 05:06:14', '2024-10-12 23:14:34'),
(19, 34, 'PEP00019', 'PepsiCo', 'Frango Congelado PepsiCo', 'Frango Congelado da marca PepsiCo', 72.0, 2.89, '2024-03-20 09:14:09', '2024-06-11 11:19:59', '2024-11-21 20:21:16'),
(20, 27, 'UNI00020', 'Unilever', 'Achocolatado Unilever', 'Achocolatado da marca Unilever', 25.85, 4.31, '2024-02-10 09:59:45', '2024-11-11 23:45:26', '2024-05-29 00:23:07'),
(21, 57, 'COC00021', 'Coca-Cola', 'Frango Congelado Coca-Cola', 'Frango Congelado da marca Coca-Cola', 21.14, 3.36, '2024-10-15 19:25:59', '2024-01-11 04:41:35', '2024-01-27 05:25:14'),
(22, 11, 'UNI00022', 'Unilever', 'Refrigerante Unilever', 'Refrigerante da marca Unilever', 25.69, 1.25, '2024-08-30 09:13:45', '2024-02-19 06:15:40', '2024-12-01 00:51:42'),
(23, 37, 'COC00023', 'Coca-Cola', 'Queijo Coca-Cola', 'Queijo da marca Coca-Cola', 3.71, 3.18, '2024-02-01 20:27:16', '2024-08-02 02:03:36', '2024-10-26 12:22:45'),
(24, 19, 'NES00024', 'Nestlé', 'Carne Bovina Nestlé', 'Carne Bovina da marca Nestlé', 69.94, 3.13, '2024-01-29 02:56:07', '2024-04-05 14:31:01', '2024-12-17 05:25:47'),
(25, 28, 'AMB00025', 'Ambev', 'Leite Ambev', 'Leite da marca Ambev', 30.8, 3.09, '2024-06-24 22:44:48', '2024-08-15 13:51:31', '2024-08-27 02:58:07'),
(26, 10, 'COC00026', 'Coca-Cola', 'Queijo Coca-Cola', 'Queijo da marca Coca-Cola', 65.27, 2.9, '2024-03-18 14:42:44', '2024-08-31 02:10:55', '2024-08-28 23:29:37'),
(27, 20, 'HEI00027', 'Heineken', 'Leite Heineken', 'Leite da marca Heineken', 54.67, 3.54, '2024-06-18 14:32:57', '2024-02-12 15:08:39', '2024-08-01 07:07:10'),
(28, 60, 'UNI00028', 'Unilever', 'Água Mineral Unilever', 'Água Mineral da marca Unilever', 70.4, 4.06, '2024-11-26 05:58:57', '2024-07-08 01:09:34', '2024-11-11 02:04:01'),
(29, 4, 'MON00029', 'Mondelez', 'Carne Bovina Mondelez', 'Carne Bovina da marca Mondelez', 14.82, 3.23, '2024-10-30 00:16:16', '2024-04-24 21:04:20', '2024-11-22 03:00:27'),
(30, 11, 'NES00030', 'Nestlé', 'Biscoito Nestlé', 'Biscoito da marca Nestlé', 12.03, 0.85, '2024-04-12 17:21:41', '2024-07-25 11:50:22', '2024-06-22 16:07:09'),
(31, 25, 'JBS00031', 'JBS', 'Biscoito JBS', 'Biscoito da marca JBS', 69.08, 0.95, '2024-07-10 15:36:40', '2024-05-09 23:17:04', '2024-01-28 07:34:18'),
(32, 55, 'NES00032', 'Nestlé', 'Biscoito Nestlé', 'Biscoito da marca Nestlé', 8.03, 0.32, '2024-11-24 07:52:55', '2024-06-06 08:19:40', '2024-10-23 21:34:18'),
(33, 10, 'JBS00033', 'JBS', 'Cerveja JBS', 'Cerveja da marca JBS', 93.37, 4.87, '2024-04-18 17:45:29', '2024-09-22 15:12:13', '2024-07-16 07:22:57'),
(34, 18, 'DAN00034', 'Danone', 'Iogurte Danone', 'Iogurte da marca Danone', 90.64, 3.81, '2024-02-29 06:24:19', '2024-04-16 16:01:27', '2024-10-21 07:11:54'),
(35, 10, 'JBS00035', 'JBS', 'Achocolatado JBS', 'Achocolatado da marca JBS', 24.07, 3.05, '2024-01-23 05:50:08', '2024-06-11 12:15:40', '2024-04-21 06:14:48'),
(36, 4, 'JBS00036', 'JBS', 'Cerveja JBS', 'Cerveja da marca JBS', 20.04, 0.81, '2024-10-08 17:09:19', '2024-07-02 08:22:20', '2024-01-10 09:48:02'),
(37, 54, 'NES00037', 'Nestlé', 'Biscoito Nestlé', 'Biscoito da marca Nestlé', 4.66, 0.25, '2024-05-04 20:02:30', '2024-05-26 06:59:16', '2024-10-06 02:32:47'),
(38, 41, 'BRF00038', 'BRF', 'Frango Congelado BRF', 'Frango Congelado da marca BRF', 54.23, 0.49, '2024-01-02 09:27:29', '2024-04-01 12:28:48', '2024-10-24 21:49:34'),
(39, 60, 'MON00039', 'Mondelez', 'Carne Bovina Mondelez', 'Carne Bovina da marca Mondelez', 47.84, 4.24, '2024-11-30 20:23:02', '2024-12-13 07:47:39', '2024-11-27 12:14:10'),
(40, 43, 'DAN00040', 'Danone', 'Água Mineral Danone', 'Água Mineral da marca Danone', 67.55, 3.83, '2024-03-01 09:33:56', '2024-01-07 03:03:43', '2024-12-10 20:57:44'),
(41, 47, 'PEP00041', 'PepsiCo', 'Iogurte PepsiCo', 'Iogurte da marca PepsiCo', 71.96, 0.53, '2024-12-08 08:22:24', '2024-01-31 17:26:34', '2024-11-23 19:20:51'),
(42, 58, 'JBS00042', 'JBS', 'Carne Bovina JBS', 'Carne Bovina da marca JBS', 83.88, 3.05, '2024-05-20 07:16:50', '2024-10-05 16:23:32', '2024-10-09 22:18:11'),
(43, 30, 'MON00043', 'Mondelez', 'Iogurte Mondelez', 'Iogurte da marca Mondelez', 58.36, 1.29, '2024-05-12 11:34:26', '2024-08-11 05:32:16', '2024-04-17 11:13:50'),
(44, 56, 'DAN00044', 'Danone', 'Frango Congelado Danone', 'Frango Congelado da marca Danone', 40.8, 3.37, '2024-02-15 15:32:14', '2024-08-02 04:28:17', '2024-03-15 21:44:16'),
(45, 37, 'AMB00045', 'Ambev', 'Biscoito Ambev', 'Biscoito da marca Ambev', 70.18, 3.27, '2024-02-18 22:28:47', '2024-12-29 00:49:27', '2024-07-25 23:29:56'),
(46, 62, 'MON00046', 'Mondelez', 'Leite Mondelez', 'Leite da marca Mondelez', 40.08, 3.24, '2024-08-29 23:46:48', '2024-05-06 20:39:10', '2024-12-14 23:54:08'),
(47, 52, 'DAN00047', 'Danone', 'Leite Danone', 'Leite da marca Danone', 78.17, 1.48, '2024-09-17 19:01:18', '2024-07-08 19:23:44', '2024-09-27 19:38:56'),
(48, 10, 'UNI00048', 'Unilever', 'Iogurte Unilever', 'Iogurte da marca Unilever', 28.36, 0.7, '2024-04-14 02:38:42', '2024-11-19 04:41:10', '2024-05-14 21:27:43'),
(49, 13, 'JBS00049', 'JBS', 'Água Mineral JBS', 'Água Mineral da marca JBS', 57.3, 4.23, '2024-12-02 08:58:48', '2024-07-01 13:17:34', '2024-05-14 16:04:39'),
(50, 48, 'PEP00050', 'PepsiCo', 'Queijo PepsiCo', 'Queijo da marca PepsiCo', 63.11, 0.3, '2024-03-24 22:05:50', '2024-11-10 21:39:08', '2024-02-17 17:37:14'),
(51, 59, 'NES00051', 'Nestlé', 'Carne Bovina Nestlé', 'Carne Bovina da marca Nestlé', 30.42, 0.21, '2024-03-10 02:08:30', '2024-01-19 07:49:01', '2024-10-05 18:52:45'),
(52, 44, 'AMB00052', 'Ambev', 'Cerveja Ambev', 'Cerveja da marca Ambev', 23.67, 2.99, '2024-06-18 10:20:46', '2024-01-07 20:45:16', '2024-12-03 13:29:16'),
(53, 6, 'HEI00053', 'Heineken', 'Cerveja Heineken', 'Cerveja da marca Heineken', 29.66, 3.62, '2024-04-01 22:43:14', '2024-01-26 16:38:36', '2024-02-23 11:30:48'),
(54, 17, 'PEP00054', 'PepsiCo', 'Cerveja PepsiCo', 'Cerveja da marca PepsiCo', 92.25, 3.59, '2024-06-13 22:18:47', '2024-10-29 20:06:07', '2024-07-14 01:27:41'),
(55, 15, 'COC00055', 'Coca-Cola', 'Refrigerante Coca-Cola', 'Refrigerante da marca Coca-Cola', 61.24, 2.75, '2024-09-25 05:22:23', '2024-01-25 14:17:19', '2024-03-16 11:33:38'),
(56, 30, 'DAN00056', 'Danone', 'Carne Bovina Danone', 'Carne Bovina da marca Danone', 4.97, 2.28, '2024-03-10 20:31:17', '2024-06-25 00:29:04', '2024-08-27 08:56:39'),
(57, 41, 'NES00057', 'Nestlé', 'Água Mineral Nestlé', 'Água Mineral da marca Nestlé', 64.32, 0.74, '2024-02-02 12:14:57', '2024-08-18 12:28:26', '2024-03-22 11:40:56'),
(58, 26, 'PEP00058', 'PepsiCo', 'Leite PepsiCo', 'Leite da marca PepsiCo', 17.64, 0.73, '2024-02-02 14:47:48', '2024-12-09 00:58:58', '2024-12-25 08:47:52'),
(59, 19, 'BRF00059', 'BRF', 'Achocolatado BRF', 'Achocolatado da marca BRF', 65.75, 3.13, '2024-02-09 14:53:35', '2024-02-19 20:36:27', '2024-03-21 08:08:09'),
(60, 38, 'AMB00060', 'Ambev', 'Carne Bovina Ambev', 'Carne Bovina da marca Ambev', 46.48, 3.85, '2024-03-26 00:06:11', '2024-03-31 16:53:21', '2024-10-22 04:55:05'),
(61, 23, 'HEI00061', 'Heineken', 'Biscoito Heineken', 'Biscoito da marca Heineken', 20.51, 1.0, '2024-09-01 10:21:42', '2024-05-19 11:43:21', '2024-02-09 13:26:11'),
(62, 9, 'COC00062', 'Coca-Cola', 'Biscoito Coca-Cola', 'Biscoito da marca Coca-Cola', 31.68, 2.01, '2024-03-26 03:24:28', '2024-05-10 01:58:44', '2024-10-20 20:55:55'),
(63, 48, 'JBS00063', 'JBS', 'Achocolatado JBS', 'Achocolatado da marca JBS', 84.54, 4.31, '2024-12-25 11:37:57', '2024-04-07 18:17:58', '2024-08-05 03:02:49'),
(64, 12, 'BRF00064', 'BRF', 'Água Mineral BRF', 'Água Mineral da marca BRF', 43.8, 2.15, '2024-02-14 17:58:54', '2024-09-16 06:30:57', '2024-01-29 06:20:36'),
(65, 20, 'JBS00065', 'JBS', 'Queijo JBS', 'Queijo da marca JBS', 87.43, 3.07, '2024-10-18 13:15:36', '2024-10-08 09:01:54', '2024-03-22 00:01:14'),
(66, 10, 'MON00066', 'Mondelez', 'Frango Congelado Mondelez', 'Frango Congelado da marca Mondelez', 93.68, 0.8, '2024-11-10 16:50:16', '2024-11-27 00:38:01', '2024-09-08 05:33:37'),
(67, 46, 'AMB00067', 'Ambev', 'Refrigerante Ambev', 'Refrigerante da marca Ambev', 90.34, 0.4, '2024-01-08 00:24:46', '2024-05-28 03:29:57', '2024-06-25 01:00:42'),
(68, 15, 'UNI00068', 'Unilever', 'Achocolatado Unilever', 'Achocolatado da marca Unilever', 38.94, 3.84, '2024-05-01 14:26:00', '2024-02-18 07:25:55', '2024-02-20 11:17:22'),
(69, 45, 'DAN00069', 'Danone', 'Água Mineral Danone', 'Água Mineral da marca Danone', 16.73, 0.38, '2024-08-11 18:17:50', '2024-08-03 22:20:54', '2024-05-25 06:03:00'),
(70, 10, 'AMB00070', 'Ambev', 'Achocolatado Ambev', 'Achocolatado da marca Ambev', 24.95, 1.49, '2024-10-20 23:16:02', '2024-03-04 08:12:07', '2024-02-17 17:43:11'),
(71, 40, 'MON00071', 'Mondelez', 'Frango Congelado Mondelez', 'Frango Congelado da marca Mondelez', 19.94, 4.77, '2024-06-05 14:33:40', '2024-02-07 21:32:27', '2024-07-07 01:08:47'),
(72, 11, 'MON00072', 'Mondelez', 'Queijo Mondelez', 'Queijo da marca Mondelez', 12.95, 2.96, '2024-08-10 01:01:38', '2024-07-08 02:32:30', '2024-05-03 04:03:41'),
(73, 20, 'NES00073', 'Nestlé', 'Queijo Nestlé', 'Queijo da marca Nestlé', 41.3, 0.32, '2024-05-18 00:25:45', '2024-06-27 20:12:39', '2024-09-24 20:16:49'),
(74, 36, 'JBS00074', 'JBS', 'Leite JBS', 'Leite da marca JBS', 59.71, 3.49, '2024-02-20 21:31:30', '2024-06-18 07:24:35', '2024-09-17 02:02:05'),
(75, 34, 'AMB00075', 'Ambev', 'Queijo Ambev', 'Queijo da marca Ambev', 67.97, 3.9, '2024-01-05 07:54:48', '2024-12-27 15:19:43', '2024-09-21 05:39:44'),
(76, 49, 'PEP00076', 'PepsiCo', 'Frango Congelado PepsiCo', 'Frango Congelado da marca PepsiCo', 68.09, 4.73, '2024-05-09 15:51:51', '2024-07-03 02:32:53', '2024-07-31 20:56:09'),
(77, 41, 'PEP00077', 'PepsiCo', 'Achocolatado PepsiCo', 'Achocolatado da marca PepsiCo', 54.65, 0.93, '2024-01-03 15:26:42', '2024-04-24 20:41:19', '2024-11-29 22:13:01'),
(78, 2, 'BRF00078', 'BRF', 'Queijo BRF', 'Queijo da marca BRF', 51.97, 4.83, '2024-12-02 23:54:56', '2024-10-10 03:35:31', '2024-11-23 17:39:08'),
(79, 39, 'UNI00079', 'Unilever', 'Leite Unilever', 'Leite da marca Unilever', 16.65, 1.24, '2024-06-10 13:51:37', '2024-12-09 00:12:06', '2024-01-17 23:24:56'),
(80, 7, 'PEP00080', 'PepsiCo', 'Biscoito PepsiCo', 'Biscoito da marca PepsiCo', 32.95, 1.88, '2024-01-07 20:19:10', '2024-07-08 23:35:39', '2024-11-24 10:19:17'),
(81, 24, 'DAN00081', 'Danone', 'Refrigerante Danone', 'Refrigerante da marca Danone', 98.35, 1.07, '2024-10-17 01:45:00', '2024-12-23 20:08:44', '2024-12-13 15:49:38'),
(82, 51, 'JBS00082', 'JBS', 'Refrigerante JBS', 'Refrigerante da marca JBS', 32.54, 3.04, '2024-11-11 08:15:47', '2024-08-23 22:09:52', '2024-02-28 08:40:32'),
(83, 47, 'JBS00083', 'JBS', 'Queijo JBS', 'Queijo da marca JBS', 3.62, 1.62, '2024-11-02 00:20:13', '2024-11-26 21:22:00', '2024-10-06 12:25:15'),
(84, 5, 'MON00084', 'Mondelez', 'Carne Bovina Mondelez', 'Carne Bovina da marca Mondelez', 96.31, 3.99, '2024-06-25 19:56:17', '2024-02-19 14:43:30', '2024-04-06 03:10:21'),
(85, 17, 'DAN00085', 'Danone', 'Biscoito Danone', 'Biscoito da marca Danone', 4.16, 2.35, '2024-07-20 13:01:44', '2024-09-13 22:29:44', '2024-08-02 09:19:27'),
(86, 15, 'AMB00086', 'Ambev', 'Água Mineral Ambev', 'Água Mineral da marca Ambev', 72.66, 3.32, '2024-10-01 16:56:35', '2024-11-20 09:36:57', '2024-10-30 01:47:17'),
(87, 34, 'PEP00087', 'PepsiCo', 'Frango Congelado PepsiCo', 'Frango Congelado da marca PepsiCo', 96.27, 4.63, '2024-05-18 18:46:14', '2024-11-15 09:08:27', '2024-11-12 18:08:33'),
(88, 28, 'HEI00088', 'Heineken', 'Achocolatado Heineken', 'Achocolatado da marca Heineken', 38.19, 4.73, '2024-04-16 04:17:21', '2024-05-18 10:53:13', '2024-05-12 04:30:57'),
(89, 39, 'COC00089', 'Coca-Cola', 'Água Mineral Coca-Cola', 'Água Mineral da marca Coca-Cola', 61.94, 0.55, '2024-06-23 11:15:39', '2024-09-18 02:11:51', '2024-12-14 06:24:31'),
(90, 24, 'AMB00090', 'Ambev', 'Carne Bovina Ambev', 'Carne Bovina da marca Ambev', 44.64, 0.41, '2024-03-27 18:36:51', '2024-12-20 04:36:04', '2024-05-17 16:48:57'),
(91, 33, 'COC00091', 'Coca-Cola', 'Água Mineral Coca-Cola', 'Água Mineral da marca Coca-Cola', 26.43, 4.83, '2024-05-10 15:56:08', '2024-09-25 15:55:54', '2024-06-20 00:49:14'),
(92, 31, 'AMB00092', 'Ambev', 'Iogurte Ambev', 'Iogurte da marca Ambev', 33.81, 1.92, '2024-12-01 18:56:24', '2024-07-13 20:05:07', '2024-10-12 12:11:32'),
(93, 48, 'PEP00093', 'PepsiCo', 'Refrigerante PepsiCo', 'Refrigerante da marca PepsiCo', 10.55, 1.63, '2024-06-18 06:54:16', '2024-07-30 19:53:07', '2024-04-15 03:38:31'),
(94, 49, 'UNI00094', 'Unilever', 'Queijo Unilever', 'Queijo da marca Unilever', 44.35, 4.29, '2024-05-16 00:33:17', '2024-04-13 12:01:59', '2024-07-09 14:20:54'),
(95, 61, 'JBS00095', 'JBS', 'Iogurte JBS', 'Iogurte da marca JBS', 74.58, 0.6, '2024-10-11 14:41:37', '2024-02-03 06:59:03', '2024-04-28 07:38:39'),
(96, 9, 'AMB00096', 'Ambev', 'Achocolatado Ambev', 'Achocolatado da marca Ambev', 92.26, 0.78, '2024-10-22 09:31:43', '2024-05-17 16:37:19', '2024-03-16 04:52:57'),
(97, 57, 'PEP00097', 'PepsiCo', 'Achocolatado PepsiCo', 'Achocolatado da marca PepsiCo', 37.14, 0.86, '2024-01-11 08:23:59', '2024-11-17 01:43:08', '2024-05-28 23:22:46'),
(98, 20, 'UNI00098', 'Unilever', 'Frango Congelado Unilever', 'Frango Congelado da marca Unilever', 68.04, 3.57, '2024-12-30 05:08:17', '2024-04-18 19:16:08', '2024-03-31 08:47:58'),
(99, 44, 'JBS00099', 'JBS', 'Cerveja JBS', 'Cerveja da marca JBS', 95.82, 1.5, '2024-01-03 10:13:41', '2024-11-25 19:11:36', '2024-06-10 09:22:29'),
(100, 54, 'UNI00100', 'Unilever', 'Refrigerante Unilever', 'Refrigerante da marca Unilever', 48.14, 1.63, '2024-01-04 14:27:30', '2024-11-10 20:13:53', '2024-07-12 18:01:33'),
(101, 50, 'DAN00101', 'Danone', 'Iogurte Danone', 'Iogurte da marca Danone', 49.74, 3.72, '2024-01-13 06:21:41', '2024-06-19 12:01:32', '2024-06-26 06:48:27'),
(102, 40, 'AMB00102', 'Ambev', 'Refrigerante Ambev', 'Refrigerante da marca Ambev', 65.64, 3.79, '2024-10-03 15:43:00', '2024-09-18 01:50:16', '2024-06-02 05:11:15'),
(103, 32, 'PEP00103', 'PepsiCo', 'Frango Congelado PepsiCo', 'Frango Congelado da marca PepsiCo', 15.43, 2.83, '2024-08-15 03:39:54', '2024-05-31 23:11:47', '2024-09-20 19:08:11'),
(104, 24, 'BRF00104', 'BRF', 'Leite BRF', 'Leite da marca BRF', 77.76, 2.53, '2024-08-03 00:59:12', '2024-03-20 22:18:58', '2024-01-02 19:38:36'),
(105, 58, 'DAN00105', 'Danone', 'Refrigerante Danone', 'Refrigerante da marca Danone', 14.29, 3.84, '2024-01-28 10:48:56', '2024-02-18 07:27:32', '2024-08-01 18:29:54'),
(106, 38, 'DAN00106', 'Danone', 'Cerveja Danone', 'Cerveja da marca Danone', 8.4, 4.75, '2024-07-28 13:03:11', '2024-11-06 15:36:28', '2024-06-18 16:07:17'),
(107, 4, 'JBS00107', 'JBS', 'Iogurte JBS', 'Iogurte da marca JBS', 66.24, 0.45, '2024-05-02 21:26:48', '2024-01-19 08:27:26', '2024-08-23 11:20:50'),
(108, 1, 'MON00108', 'Mondelez', 'Carne Bovina Mondelez', 'Carne Bovina da marca Mondelez', 41.76, 4.04, '2024-08-12 15:14:41', '2024-08-26 20:55:41', '2024-05-01 06:36:12'),
(109, 40, 'AMB00109', 'Ambev', 'Carne Bovina Ambev', 'Carne Bovina da marca Ambev', 60.25, 2.61, '2024-06-09 04:06:01', '2024-09-09 09:04:35', '2024-08-02 20:19:33'),
(110, 49, 'MON00110', 'Mondelez', 'Água Mineral Mondelez', 'Água Mineral da marca Mondelez', 31.88, 3.86, '2024-04-30 21:03:07', '2024-09-10 07:55:08', '2024-12-14 03:13:28'),
(111, 60, 'HEI00111', 'Heineken', 'Biscoito Heineken', 'Biscoito da marca Heineken', 59.43, 0.22, '2024-09-20 00:28:02', '2024-06-09 02:03:31', '2024-05-22 13:48:17'),
(112, 41, 'PEP00112', 'PepsiCo', 'Refrigerante PepsiCo', 'Refrigerante da marca PepsiCo', 96.63, 0.36, '2024-06-24 02:32:13', '2024-08-27 22:53:38', '2024-03-23 07:51:52'),
(113, 42, 'UNI00113', 'Unilever', 'Queijo Unilever', 'Queijo da marca Unilever', 92.78, 2.99, '2024-11-12 18:27:47', '2024-06-07 10:18:45', '2024-12-06 18:02:10'),
(114, 21, 'COC00114', 'Coca-Cola', 'Achocolatado Coca-Cola', 'Achocolatado da marca Coca-Cola', 43.31, 3.56, '2024-09-21 22:23:42', '2024-08-19 06:52:00', '2024-03-17 20:16:35'),
(115, 2, 'HEI00115', 'Heineken', 'Água Mineral Heineken', 'Água Mineral da marca Heineken', 37.63, 3.29, '2024-10-29 09:25:11', '2024-04-10 14:31:16', '2024-02-09 19:06:30'),
(116, 9, 'COC00116', 'Coca-Cola', 'Biscoito Coca-Cola', 'Biscoito da marca Coca-Cola', 9.61, 2.25, '2024-03-02 02:40:56', '2024-03-02 23:49:23', '2024-03-12 06:09:53'),
(117, 38, 'HEI00117', 'Heineken', 'Carne Bovina Heineken', 'Carne Bovina da marca Heineken', 63.61, 2.45, '2024-03-30 15:04:00', '2024-07-19 16:49:40', '2024-12-28 20:35:38'),
(118, 47, 'NES00118', 'Nestlé', 'Iogurte Nestlé', 'Iogurte da marca Nestlé', 94.95, 0.45, '2024-06-06 22:43:44', '2024-08-27 13:44:21', '2024-07-13 15:28:50');

INSERT INTO movimentacao_estoque (id, estoque_id, usuario_id, tipo_movimentacao, status, criado_em) VALUES
(1, 12, 3, 'saida', 'cancelado', '2024-08-05 06:07:02'),
(2, 8, 6, 'entrada', 'concluido', '2024-10-29 04:17:02'),
(3, 7, 3, 'saida', 'cancelado', '2024-04-16 17:27:02'),
(4, 14, 1, 'saida', 'pendente', '2024-09-07 11:22:37'),
(5, 11, 7, 'entrada', 'pendente', '2024-06-01 18:49:34'),
(6, 12, 2, 'entrada', 'concluido', '2024-12-21 10:31:59'),
(7, 14, 5, 'saida', 'cancelado', '2024-01-24 21:59:28'),
(8, 14, 6, 'saida', 'pendente', '2024-10-07 05:40:30'),
(9, 11, 2, 'entrada', 'cancelado', '2024-07-21 05:38:17'),
(10, 5, 2, 'entrada', 'concluido', '2024-03-14 22:08:49'),
(11, 14, 5, 'saida', 'cancelado', '2024-05-03 21:26:17'),
(12, 1, 8, 'saida', 'pendente', '2024-07-11 14:11:53'),
(13, 3, 5, 'saida', 'concluido', '2024-06-24 10:49:31'),
(14, 8, 6, 'entrada', 'pendente', '2024-08-15 00:07:48'),
(15, 7, 7, 'entrada', 'pendente', '2024-09-26 12:35:19'),
(16, 5, 8, 'saida', 'pendente', '2024-03-01 23:19:16'),
(17, 12, 6, 'saida', 'concluido', '2024-07-10 23:52:01'),
(18, 5, 1, 'entrada', 'cancelado', '2024-12-19 12:49:10'),
(19, 9, 5, 'entrada', 'cancelado', '2024-12-30 17:22:32'),
(20, 5, 5, 'entrada', 'cancelado', '2024-05-19 04:47:35'),
(21, 12, 3, 'saida', 'concluido', '2024-12-05 06:38:38'),
(22, 11, 8, 'saida', 'concluido', '2024-02-25 01:07:35'),
(23, 7, 1, 'entrada', 'concluido', '2024-08-09 21:13:26'),
(24, 11, 3, 'saida', 'concluido', '2024-07-24 03:42:49'),
(25, 5, 6, 'entrada', 'cancelado', '2024-10-24 14:49:03'),
(26, 9, 2, 'entrada', 'concluido', '2024-12-15 05:57:32'),
(27, 7, 6, 'saida', 'cancelado', '2024-09-30 13:29:55'),
(28, 14, 2, 'entrada', 'concluido', '2024-11-24 11:31:06'),
(29, 12, 2, 'saida', 'concluido', '2024-10-12 03:59:56'),
(30, 8, 1, 'entrada', 'concluido', '2024-11-03 16:04:06'),
(31, 6, 1, 'saida', 'concluido', '2024-02-10 21:57:42'),
(32, 1, 8, 'entrada', 'pendente', '2024-09-17 09:11:36'),
(33, 12, 1, 'saida', 'cancelado', '2024-09-29 10:42:45'),
(34, 1, 3, 'entrada', 'concluido', '2024-05-27 08:50:41'),
(35, 14, 6, 'saida', 'pendente', '2024-06-26 05:31:18'),
(36, 10, 4, 'saida', 'pendente', '2024-03-30 15:25:45'),
(37, 12, 2, 'saida', 'pendente', '2024-11-02 01:37:49'),
(38, 10, 7, 'saida', 'pendente', '2024-07-17 21:09:51'),
(39, 4, 1, 'saida', 'cancelado', '2024-08-06 19:54:29'),
(40, 13, 5, 'entrada', 'cancelado', '2024-04-22 07:23:26'),
(41, 6, 8, 'saida', 'cancelado', '2024-03-26 04:48:55'),
(42, 14, 2, 'saida', 'pendente', '2024-07-06 01:21:01'),
(43, 2, 5, 'entrada', 'concluido', '2024-07-29 18:39:44'),
(44, 14, 2, 'entrada', 'concluido', '2024-11-07 01:57:44'),
(45, 1, 2, 'entrada', 'concluido', '2024-01-05 22:10:30'),
(46, 2, 8, 'entrada', 'pendente', '2024-11-15 15:33:11'),
(47, 10, 4, 'saida', 'cancelado', '2024-08-20 09:52:48'),
(48, 1, 1, 'saida', 'concluido', '2024-02-26 00:40:45'),
(49, 12, 6, 'saida', 'pendente', '2024-11-06 04:35:57'),
(50, 4, 8, 'saida', 'pendente', '2024-12-17 01:06:54'),
(51, 10, 7, 'saida', 'pendente', '2024-04-04 15:23:17'),
(52, 2, 4, 'saida', 'cancelado', '2024-04-18 13:15:30'),
(53, 1, 5, 'saida', 'concluido', '2024-11-27 05:26:46'),
(54, 4, 1, 'entrada', 'cancelado', '2024-02-12 16:56:27'),
(55, 3, 7, 'entrada', 'cancelado', '2024-05-25 12:08:11'),
(56, 14, 2, 'saida', 'concluido', '2024-06-08 09:00:52'),
(57, 3, 1, 'saida', 'cancelado', '2024-07-05 01:32:31'),
(58, 3, 8, 'saida', 'pendente', '2024-06-14 09:48:35'),
(59, 3, 2, 'saida', 'pendente', '2024-02-27 23:05:22'),
(60, 4, 1, 'entrada', 'cancelado', '2024-02-05 12:40:07'),
(61, 14, 5, 'saida', 'cancelado', '2024-01-27 01:40:47'),
(62, 1, 6, 'entrada', 'pendente', '2024-01-24 11:56:07'),
(63, 7, 6, 'entrada', 'pendente', '2024-05-30 23:31:46'),
(64, 9, 3, 'entrada', 'pendente', '2024-11-11 06:56:49'),
(65, 2, 1, 'entrada', 'concluido', '2024-02-19 17:05:52'),
(66, 12, 6, 'entrada', 'pendente', '2024-02-18 13:38:50'),
(67, 9, 8, 'saida', 'pendente', '2024-12-22 02:36:21'),
(68, 1, 5, 'saida', 'cancelado', '2024-09-14 13:54:57'),
(69, 12, 8, 'entrada', 'pendente', '2024-05-29 23:59:23'),
(70, 1, 7, 'saida', 'concluido', '2024-03-07 22:03:40'),
(71, 11, 6, 'entrada', 'concluido', '2024-10-21 16:54:22'),
(72, 11, 7, 'entrada', 'pendente', '2024-11-29 20:42:37'),
(73, 2, 1, 'saida', 'pendente', '2024-07-09 17:23:48'),
(74, 1, 8, 'entrada', 'cancelado', '2024-02-22 18:01:01'),
(75, 14, 1, 'saida', 'cancelado', '2024-02-26 11:18:18'),
(76, 11, 3, 'entrada', 'pendente', '2024-06-26 02:18:27'),
(77, 10, 4, 'saida', 'cancelado', '2024-06-13 10:35:57'),
(78, 4, 5, 'entrada', 'pendente', '2024-08-16 12:35:13'),
(79, 11, 3, 'saida', 'cancelado', '2024-09-24 19:06:19'),
(80, 7, 5, 'entrada', 'cancelado', '2024-06-27 14:14:35'),
(81, 14, 7, 'entrada', 'concluido', '2024-02-12 00:18:32'),
(82, 13, 4, 'entrada', 'cancelado', '2024-03-22 23:30:22'),
(83, 1, 4, 'entrada', 'concluido', '2024-11-20 20:11:29'),
(84, 11, 8, 'entrada', 'cancelado', '2024-03-23 16:28:33'),
(85, 11, 1, 'entrada', 'concluido', '2024-09-23 05:26:58'),
(86, 2, 4, 'saida', 'pendente', '2024-11-04 11:08:13'),
(87, 5, 8, 'saida', 'cancelado', '2024-10-18 16:02:53'),
(88, 9, 4, 'saida', 'cancelado', '2024-01-08 20:55:29'),
(89, 12, 3, 'entrada', 'cancelado', '2024-08-24 04:00:36'),
(90, 3, 5, 'saida', 'cancelado', '2024-02-02 08:04:01'),
(91, 6, 4, 'entrada', 'cancelado', '2024-10-03 02:20:10'),
(92, 6, 3, 'saida', 'concluido', '2024-03-13 15:24:33'),
(93, 6, 4, 'saida', 'concluido', '2024-09-04 17:42:43'),
(94, 7, 4, 'entrada', 'cancelado', '2024-04-14 06:12:32'),
(95, 4, 5, 'saida', 'concluido', '2024-03-02 07:50:51'),
(96, 7, 2, 'entrada', 'pendente', '2024-03-22 17:36:23'),
(97, 11, 7, 'entrada', 'concluido', '2024-12-04 10:47:38'),
(98, 2, 5, 'saida', 'cancelado', '2024-09-03 18:28:30'),
(99, 6, 4, 'entrada', 'concluido', '2024-12-30 10:10:33'),
(100, 11, 4, 'entrada', 'pendente', '2024-04-14 04:03:26'),
(101, 7, 1, 'entrada', 'concluido', '2024-10-29 12:26:12'),
(102, 6, 7, 'saida', 'concluido', '2024-06-20 03:46:33'),
(103, 4, 1, 'entrada', 'cancelado', '2024-06-20 22:09:00'),
(104, 4, 4, 'saida', 'cancelado', '2024-01-01 07:10:59'),
(105, 11, 6, 'entrada', 'pendente', '2024-06-16 12:23:01'),
(106, 6, 4, 'saida', 'concluido', '2024-06-07 19:49:24'),
(107, 6, 8, 'entrada', 'cancelado', '2024-12-27 18:24:06'),
(108, 12, 8, 'saida', 'cancelado', '2024-07-31 06:08:49'),
(109, 1, 4, 'saida', 'cancelado', '2024-01-07 09:21:39'),
(110, 2, 5, 'entrada', 'pendente', '2024-08-05 10:57:57'),
(111, 6, 8, 'saida', 'concluido', '2024-11-18 11:01:42'),
(112, 2, 6, 'saida', 'pendente', '2024-09-10 20:27:28'),
(113, 11, 6, 'entrada', 'pendente', '2024-07-22 14:16:15'),
(114, 4, 8, 'entrada', 'cancelado', '2024-09-23 03:07:47'),
(115, 14, 3, 'saida', 'concluido', '2024-08-30 07:56:40'),
(116, 2, 2, 'saida', 'pendente', '2024-12-20 21:46:30'),
(117, 3, 4, 'saida', 'concluido', '2024-12-26 17:53:41'),
(118, 2, 4, 'saida', 'cancelado', '2024-05-17 16:55:15'),
(119, 3, 2, 'entrada', 'pendente', '2024-05-14 12:23:38'),
(120, 7, 4, 'saida', 'pendente', '2024-01-17 03:22:32'),
(121, 12, 1, 'entrada', 'pendente', '2024-04-25 03:37:50'),
(122, 12, 8, 'entrada', 'pendente', '2024-11-06 23:39:16'),
(123, 14, 8, 'saida', 'cancelado', '2024-04-04 01:56:58'),
(124, 8, 4, 'entrada', 'concluido', '2024-03-13 00:28:00'),
(125, 10, 2, 'saida', 'cancelado', '2024-10-10 09:12:09'),
(126, 8, 5, 'saida', 'pendente', '2024-04-01 10:15:49'),
(127, 4, 2, 'entrada', 'concluido', '2024-05-24 14:10:17'),
(128, 4, 1, 'entrada', 'pendente', '2024-06-15 20:45:45'),
(129, 10, 2, 'entrada', 'pendente', '2024-03-22 17:39:22'),
(130, 1, 1, 'saida', 'concluido', '2024-07-25 17:10:29'),
(131, 5, 1, 'saida', 'pendente', '2024-05-08 18:56:05'),
(132, 11, 3, 'saida', 'pendente', '2024-06-21 08:08:29'),
(133, 2, 4, 'saida', 'concluido', '2024-01-14 14:22:50'),
(134, 12, 4, 'entrada', 'cancelado', '2024-10-23 15:54:21'),
(135, 5, 6, 'entrada', 'pendente', '2024-07-12 12:14:57'),
(136, 9, 8, 'saida', 'concluido', '2024-05-23 15:24:54'),
(137, 5, 5, 'entrada', 'concluido', '2024-04-20 07:26:29'),
(138, 5, 6, 'entrada', 'pendente', '2024-10-20 08:02:55'),
(139, 2, 8, 'saida', 'concluido', '2024-06-13 16:10:13'),
(140, 10, 1, 'entrada', 'cancelado', '2024-10-18 09:58:36'),
(141, 3, 3, 'entrada', 'cancelado', '2024-04-23 06:21:09'),
(142, 13, 6, 'entrada', 'cancelado', '2024-05-15 23:07:42'),
(143, 8, 7, 'saida', 'pendente', '2024-05-08 16:25:14'),
(144, 4, 3, 'entrada', 'pendente', '2024-01-21 12:38:43'),
(145, 12, 1, 'entrada', 'pendente', '2024-07-01 19:47:04'),
(146, 6, 1, 'saida', 'cancelado', '2024-12-15 21:27:23'),
(147, 8, 1, 'saida', 'pendente', '2024-05-05 14:31:23'),
(148, 6, 2, 'entrada', 'cancelado', '2024-02-12 16:06:03'),
(149, 4, 2, 'entrada', 'concluido', '2024-04-11 00:48:08'),
(150, 10, 6, 'entrada', 'pendente', '2024-11-05 23:17:15'),
(151, 2, 4, 'saida', 'concluido', '2024-08-06 15:50:29'),
(152, 1, 5, 'entrada', 'concluido', '2024-01-14 17:29:01'),
(153, 9, 8, 'entrada', 'cancelado', '2024-08-23 20:08:53'),
(154, 12, 2, 'entrada', 'pendente', '2024-09-01 01:24:12'),
(155, 3, 5, 'entrada', 'cancelado', '2024-09-25 14:05:59'),
(156, 4, 2, 'saida', 'pendente', '2024-10-08 00:22:53'),
(157, 13, 6, 'entrada', 'pendente', '2024-04-27 08:32:04'),
(158, 10, 4, 'saida', 'pendente', '2024-10-20 19:19:45'),
(159, 7, 8, 'saida', 'cancelado', '2024-05-05 19:07:55'),
(160, 11, 2, 'entrada', 'pendente', '2024-07-19 11:34:22'),
(161, 13, 6, 'saida', 'concluido', '2024-05-06 18:04:09'),
(162, 9, 2, 'saida', 'pendente', '2024-12-12 16:47:29'),
(163, 5, 4, 'saida', 'pendente', '2024-08-06 12:09:11'),
(164, 13, 7, 'entrada', 'cancelado', '2024-07-07 11:20:56'),
(165, 9, 3, 'saida', 'concluido', '2024-04-09 05:14:52'),
(166, 14, 4, 'saida', 'pendente', '2024-11-24 17:01:53'),
(167, 7, 3, 'saida', 'pendente', '2024-03-29 07:21:02'),
(168, 5, 5, 'entrada', 'cancelado', '2024-09-28 03:27:44'),
(169, 1, 3, 'entrada', 'cancelado', '2024-10-12 18:35:12'),
(170, 11, 4, 'saida', 'cancelado', '2024-09-04 09:34:26'),
(171, 2, 5, 'entrada', 'pendente', '2024-04-22 03:48:45'),
(172, 13, 6, 'saida', 'concluido', '2024-02-20 04:29:46'),
(173, 4, 8, 'saida', 'pendente', '2024-07-06 10:37:03'),
(174, 6, 2, 'entrada', 'cancelado', '2024-04-23 12:50:59'),
(175, 3, 7, 'saida', 'pendente', '2024-01-06 22:10:12'),
(176, 8, 6, 'entrada', 'cancelado', '2024-03-30 02:47:28'),
(177, 6, 3, 'saida', 'concluido', '2024-11-20 19:01:00'),
(178, 8, 4, 'saida', 'concluido', '2024-08-03 03:48:24'),
(179, 7, 4, 'saida', 'cancelado', '2024-07-07 05:41:29'),
(180, 1, 1, 'entrada', 'cancelado', '2024-06-16 01:03:44'),
(181, 9, 1, 'saida', 'concluido', '2024-04-24 12:41:59'),
(182, 7, 1, 'saida', 'concluido', '2024-12-30 23:29:17'),
(183, 3, 1, 'saida', 'concluido', '2024-07-20 17:22:54'),
(184, 11, 5, 'entrada', 'cancelado', '2024-05-14 14:10:05'),
(185, 2, 2, 'saida', 'concluido', '2024-05-02 05:11:05'),
(186, 4, 3, 'entrada', 'cancelado', '2024-01-20 23:46:35'),
(187, 3, 4, 'entrada', 'pendente', '2024-05-17 19:30:29'),
(188, 1, 8, 'saida', 'pendente', '2024-08-04 13:20:02'),
(189, 14, 1, 'saida', 'concluido', '2024-12-02 03:16:00'),
(190, 12, 6, 'entrada', 'cancelado', '2024-07-12 11:56:57'),
(191, 5, 6, 'entrada', 'cancelado', '2024-06-11 03:27:48'),
(192, 1, 5, 'saida', 'concluido', '2024-07-04 22:56:35'),
(193, 3, 3, 'saida', 'pendente', '2024-07-05 05:26:19'),
(194, 2, 1, 'entrada', 'concluido', '2024-09-23 06:40:02'),
(195, 11, 7, 'entrada', 'cancelado', '2024-06-09 07:52:04'),
(196, 14, 5, 'entrada', 'concluido', '2024-02-28 06:31:23'),
(197, 13, 2, 'entrada', 'concluido', '2024-05-08 20:19:08'),
(198, 11, 7, 'entrada', 'concluido', '2024-10-14 01:46:51'),
(199, 7, 5, 'saida', 'pendente', '2024-01-20 12:55:06'),
(200, 12, 6, 'entrada', 'cancelado', '2024-06-13 06:47:38');

INSERT INTO item_movimentacao_estoque (id, movimentacao_estoque_id, produto_id, quantidade) VALUES
(1, 1, 105, 55.68),
(2, 1, 84, 18.59),
(3, 1, 77, 95.22),
(4, 1, 66, 1.94),
(5, 1, 61, 1.54),
(6, 1, 70, 1.8),
(7, 1, 118, 14.12),
(8, 1, 8, 31.82),
(9, 1, 36, 26.17),
(10, 1, 86, 91.57),
(11, 1, 11, 19.55),
(12, 1, 56, 67.06),
(13, 1, 35, 29.29),
(14, 1, 117, 88.46),
(15, 1, 26, 6.02),
(16, 1, 75, 96.46),
(17, 1, 50, 92.7),
(18, 1, 85, 57.65),
(19, 1, 90, 67.44),
(20, 1, 13, 81.97),
(21, 1, 29, 66.38),
(22, 1, 99, 18.31),
(23, 1, 88, 69.45),
(24, 1, 46, 36.67),
(25, 1, 6, 41.77),
(26, 1, 51, 97.32),
(27, 1, 32, 80.83),
(28, 1, 107, 97.12),
(29, 1, 73, 96.0),
(30, 1, 79, 55.33),
(31, 1, 19, 36.35),
(32, 1, 72, 46.4),
(33, 1, 80, 8.26),
(34, 1, 22, 22.4),
(35, 1, 18, 22.5),
(36, 1, 112, 55.03),
(37, 1, 103, 40.81),
(38, 1, 92, 16.33),
(39, 1, 74, 19.57),
(40, 1, 17, 51.25),
(41, 1, 109, 69.72),
(42, 1, 41, 83.19),
(43, 1, 93, 38.55),
(44, 1, 101, 19.85),
(45, 1, 25, 84.88),
(46, 1, 64, 91.79),
(47, 1, 52, 69.86),
(48, 1, 1, 89.53),
(49, 1, 9, 53.78),
(50, 2, 5, 39.66),
(51, 2, 31, 81.88),
(52, 2, 54, 94.52),
(53, 2, 67, 80.6),
(54, 2, 106, 84.91),
(55, 2, 42, 77.88),
(56, 2, 110, 25.29),
(57, 2, 89, 66.97),
(58, 2, 27, 30.96),
(59, 2, 98, 22.38),
(60, 2, 83, 46.71),
(61, 2, 8, 69.96),
(62, 2, 37, 23.72),
(63, 2, 13, 20.18),
(64, 2, 101, 53.33),
(65, 2, 63, 70.04),
(66, 2, 71, 90.51),
(67, 2, 52, 65.2),
(68, 2, 30, 49.02),
(69, 2, 97, 59.71),
(70, 2, 112, 92.39),
(71, 2, 16, 26.46),
(72, 2, 117, 88.04),
(73, 2, 1, 83.68),
(74, 2, 59, 1.78),
(75, 3, 104, 19.36),
(76, 3, 78, 6.21),
(77, 3, 51, 57.12),
(78, 3, 21, 15.31),
(79, 3, 117, 28.5),
(80, 3, 84, 93.66),
(81, 3, 15, 39.57),
(82, 3, 72, 95.33),
(83, 3, 118, 27.86),
(84, 3, 59, 3.15),
(85, 3, 39, 83.45),
(86, 3, 50, 36.23),
(87, 3, 113, 39.57),
(88, 3, 80, 72.24),
(89, 3, 48, 46.3),
(90, 3, 103, 3.04),
(91, 3, 74, 68.29),
(92, 3, 26, 2.59),
(93, 3, 10, 84.13),
(94, 3, 24, 7.39),
(95, 3, 87, 6.94),
(96, 3, 106, 54.53),
(97, 3, 98, 55.91),
(98, 3, 88, 16.96),
(99, 3, 54, 89.39),
(100, 3, 108, 81.26),
(101, 3, 62, 46.03),
(102, 3, 4, 62.88),
(103, 3, 66, 21.29),
(104, 3, 3, 13.05),
(105, 3, 85, 30.35),
(106, 3, 35, 61.63),
(107, 3, 81, 70.67),
(108, 3, 22, 81.09),
(109, 3, 34, 1.06),
(110, 3, 89, 27.78),
(111, 3, 12, 30.37),
(112, 3, 82, 97.24),
(113, 3, 2, 29.26),
(114, 3, 20, 73.21),
(115, 3, 86, 93.79),
(116, 3, 69, 24.48),
(117, 3, 30, 19.59),
(118, 4, 94, 15.28),
(119, 4, 79, 73.36),
(120, 4, 55, 43.46),
(121, 4, 72, 19.34),
(122, 4, 101, 44.06),
(123, 4, 104, 91.65),
(124, 4, 7, 84.97),
(125, 4, 3, 8.65),
(126, 4, 97, 80.19),
(127, 4, 63, 84.23),
(128, 4, 109, 29.26),
(129, 4, 10, 16.31),
(130, 4, 110, 92.48),
(131, 4, 58, 53.61),
(132, 4, 56, 8.08),
(133, 4, 62, 43.4),
(134, 4, 96, 43.59),
(135, 4, 100, 66.71),
(136, 4, 33, 44.86),
(137, 4, 103, 89.55),
(138, 4, 46, 13.45),
(139, 4, 24, 86.37),
(140, 4, 118, 25.12),
(141, 4, 25, 85.5),
(142, 4, 71, 43.75),
(143, 4, 34, 91.06),
(144, 4, 40, 42.46),
(145, 4, 45, 53.47),
(146, 5, 52, 8.41),
(147, 5, 26, 46.66),
(148, 5, 44, 64.15),
(149, 5, 84, 47.64),
(150, 5, 80, 21.14),
(151, 5, 2, 90.39),
(152, 5, 85, 18.94),
(153, 5, 61, 77.79),
(154, 5, 45, 95.5),
(155, 5, 115, 93.24),
(156, 5, 59, 51.77),
(157, 5, 104, 63.26),
(158, 5, 101, 49.67),
(159, 5, 87, 8.23),
(160, 5, 103, 89.81),
(161, 5, 12, 65.51),
(162, 5, 94, 80.96),
(163, 5, 39, 29.58),
(164, 5, 38, 21.02),
(165, 5, 95, 44.13),
(166, 5, 83, 39.68),
(167, 5, 111, 2.49),
(168, 5, 68, 86.61),
(169, 5, 31, 70.65),
(170, 5, 30, 39.12),
(171, 5, 15, 46.05),
(172, 5, 70, 52.52),
(173, 6, 27, 30.57),
(174, 6, 48, 52.24),
(175, 6, 116, 24.84),
(176, 6, 82, 53.69),
(177, 6, 117, 77.1),
(178, 6, 77, 91.48),
(179, 6, 23, 24.88),
(180, 6, 43, 30.88),
(181, 6, 47, 64.69),
(182, 6, 11, 5.01),
(183, 6, 56, 66.89),
(184, 6, 101, 18.4),
(185, 6, 94, 58.9),
(186, 6, 33, 81.71),
(187, 6, 112, 44.22),
(188, 6, 25, 86.37),
(189, 6, 83, 50.65),
(190, 6, 18, 9.73),
(191, 6, 7, 64.68),
(192, 6, 72, 11.27),
(193, 6, 28, 89.46),
(194, 6, 55, 68.78),
(195, 6, 3, 60.47),
(196, 6, 1, 18.73),
(197, 6, 5, 22.72),
(198, 6, 102, 37.51),
(199, 6, 17, 55.05),
(200, 6, 39, 33.06),
(201, 7, 57, 30.66),
(202, 7, 78, 17.29),
(203, 7, 4, 1.95),
(204, 7, 95, 29.49),
(205, 7, 79, 9.95),
(206, 7, 16, 34.76),
(207, 7, 88, 4.98),
(208, 7, 99, 41.68),
(209, 7, 64, 82.18),
(210, 7, 23, 31.16),
(211, 7, 96, 48.18),
(212, 7, 49, 29.69),
(213, 7, 87, 69.15),
(214, 7, 41, 88.09),
(215, 7, 56, 82.88),
(216, 7, 100, 34.58),
(217, 8, 76, 22.96),
(218, 8, 81, 31.81),
(219, 8, 83, 18.42),
(220, 8, 68, 47.5),
(221, 8, 94, 64.46),
(222, 8, 103, 79.62),
(223, 8, 49, 49.85),
(224, 8, 56, 6.68),
(225, 8, 6, 73.99),
(226, 8, 112, 76.93),
(227, 8, 5, 3.68),
(228, 8, 99, 3.32),
(229, 8, 116, 58.02),
(230, 9, 106, 13.67),
(231, 9, 56, 70.71),
(232, 9, 94, 62.6),
(233, 9, 109, 70.21),
(234, 9, 44, 11.55),
(235, 9, 38, 58.79),
(236, 9, 54, 3.26),
(237, 9, 113, 50.66),
(238, 9, 45, 21.5),
(239, 9, 31, 16.6),
(240, 9, 47, 83.56),
(241, 9, 84, 36.47),
(242, 9, 92, 25.73),
(243, 10, 34, 78.04),
(244, 10, 25, 20.41),
(245, 10, 91, 27.25),
(246, 10, 49, 19.6),
(247, 10, 85, 25.94),
(248, 10, 50, 22.17),
(249, 10, 104, 55.45),
(250, 10, 89, 1.55),
(251, 10, 76, 3.11),
(252, 10, 100, 44.66),
(253, 10, 3, 72.1),
(254, 10, 58, 4.99),
(255, 10, 46, 31.26),
(256, 10, 21, 2.28),
(257, 10, 13, 77.39),
(258, 10, 16, 1.36),
(259, 10, 35, 62.82),
(260, 10, 90, 55.4),
(261, 10, 93, 67.61),
(262, 10, 10, 33.53),
(263, 10, 87, 88.62),
(264, 10, 2, 54.57),
(265, 10, 31, 86.4),
(266, 10, 108, 25.47),
(267, 10, 101, 4.49),
(268, 10, 62, 69.29),
(269, 10, 65, 2.69),
(270, 10, 37, 19.45),
(271, 10, 73, 57.52),
(272, 10, 96, 81.04),
(273, 10, 78, 22.29),
(274, 10, 79, 90.45),
(275, 10, 47, 86.77),
(276, 10, 75, 19.66),
(277, 10, 39, 30.36),
(278, 10, 44, 11.44),
(279, 10, 69, 21.87),
(280, 10, 74, 32.17),
(281, 10, 97, 41.45),
(282, 10, 103, 52.59),
(283, 10, 64, 68.55),
(284, 11, 28, 47.42),
(285, 11, 72, 40.16),
(286, 11, 34, 12.12),
(287, 11, 90, 47.66),
(288, 11, 13, 78.04),
(289, 11, 97, 83.65),
(290, 11, 21, 45.41),
(291, 11, 43, 13.71),
(292, 11, 100, 45.68),
(293, 11, 32, 20.33),
(294, 11, 20, 40.02),
(295, 11, 78, 88.24),
(296, 11, 96, 44.78),
(297, 11, 114, 19.87),
(298, 11, 4, 37.64),
(299, 11, 77, 68.35),
(300, 11, 102, 79.17),
(301, 11, 82, 28.42),
(302, 11, 87, 72.59),
(303, 11, 45, 56.27),
(304, 11, 7, 74.78),
(305, 11, 15, 18.86),
(306, 11, 92, 38.13),
(307, 11, 26, 98.84),
(308, 11, 64, 43.75),
(309, 11, 70, 23.72),
(310, 11, 18, 41.32),
(311, 11, 50, 54.18),
(312, 11, 106, 31.12),
(313, 11, 75, 27.74),
(314, 11, 73, 3.69),
(315, 11, 67, 5.09),
(316, 11, 105, 74.36),
(317, 11, 81, 61.96),
(318, 11, 38, 97.44),
(319, 11, 112, 68.99),
(320, 11, 85, 16.63),
(321, 11, 30, 24.13),
(322, 11, 84, 30.88),
(323, 11, 63, 68.43),
(324, 11, 8, 84.07),
(325, 11, 79, 70.99),
(326, 12, 78, 60.62),
(327, 12, 83, 96.75),
(328, 12, 54, 17.03),
(329, 12, 115, 19.61),
(330, 12, 90, 60.9),
(331, 12, 86, 14.26),
(332, 12, 117, 13.86),
(333, 12, 28, 97.5),
(334, 12, 51, 15.6),
(335, 12, 93, 25.11),
(336, 12, 92, 64.11),
(337, 12, 99, 57.8),
(338, 12, 85, 69.22),
(339, 12, 27, 5.11),
(340, 12, 67, 26.43),
(341, 12, 1, 62.63),
(342, 12, 58, 63.62),
(343, 12, 45, 42.59),
(344, 12, 22, 54.35),
(345, 12, 43, 86.16),
(346, 12, 105, 10.83),
(347, 12, 17, 22.45),
(348, 12, 72, 75.75),
(349, 12, 102, 33.95),
(350, 12, 7, 99.37),
(351, 12, 26, 63.6),
(352, 12, 59, 83.48),
(353, 12, 47, 6.48),
(354, 13, 56, 89.16),
(355, 13, 51, 33.75),
(356, 13, 114, 68.96),
(357, 13, 46, 93.41),
(358, 13, 12, 69.51),
(359, 13, 40, 19.79),
(360, 13, 6, 34.79),
(361, 13, 106, 53.64),
(362, 13, 113, 1.46),
(363, 13, 5, 80.1),
(364, 13, 47, 90.51),
(365, 13, 116, 87.99),
(366, 13, 53, 39.23),
(367, 13, 35, 48.47),
(368, 13, 87, 11.35),
(369, 13, 63, 35.03),
(370, 13, 82, 26.23),
(371, 13, 26, 90.66),
(372, 13, 86, 27.76),
(373, 13, 4, 51.71),
(374, 13, 43, 48.59),
(375, 13, 15, 26.92),
(376, 13, 14, 89.98),
(377, 13, 22, 9.96),
(378, 13, 39, 47.38),
(379, 13, 50, 30.44),
(380, 13, 78, 21.25),
(381, 13, 68, 96.36),
(382, 13, 65, 38.95),
(383, 13, 94, 93.87),
(384, 13, 117, 81.71),
(385, 13, 34, 56.31),
(386, 13, 98, 85.48),
(387, 13, 36, 26.79),
(388, 13, 29, 42.79),
(389, 13, 19, 22.22),
(390, 13, 13, 70.86),
(391, 13, 99, 93.95),
(392, 13, 107, 14.17),
(393, 13, 118, 51.75),
(394, 13, 100, 8.35),
(395, 13, 41, 29.33),
(396, 13, 21, 44.01),
(397, 13, 74, 4.98),
(398, 13, 105, 27.14),
(399, 13, 9, 45.15),
(400, 13, 45, 56.66),
(401, 14, 3, 79.09),
(402, 14, 114, 9.99),
(403, 14, 47, 61.93),
(404, 14, 100, 34.32),
(405, 14, 70, 56.18),
(406, 14, 78, 52.7),
(407, 14, 76, 22.87),
(408, 14, 117, 69.33),
(409, 14, 37, 22.31),
(410, 14, 84, 27.36),
(411, 14, 20, 17.81),
(412, 14, 98, 57.08),
(413, 14, 50, 30.41),
(414, 14, 30, 85.83),
(415, 14, 75, 72.01),
(416, 14, 18, 71.04),
(417, 14, 16, 65.6),
(418, 14, 33, 7.08),
(419, 14, 102, 20.32),
(420, 14, 68, 74.47),
(421, 14, 115, 23.45),
(422, 14, 67, 88.62),
(423, 14, 81, 52.62),
(424, 14, 85, 93.74),
(425, 14, 69, 89.35),
(426, 14, 79, 97.09),
(427, 14, 8, 15.61),
(428, 14, 26, 5.97),
(429, 14, 45, 45.13),
(430, 14, 11, 32.34),
(431, 14, 55, 75.06),
(432, 14, 116, 80.08),
(433, 14, 19, 36.33),
(434, 14, 41, 61.87),
(435, 14, 1, 11.94),
(436, 14, 32, 24.56),
(437, 14, 42, 77.3),
(438, 14, 83, 40.61),
(439, 14, 110, 59.92),
(440, 14, 23, 90.04),
(441, 14, 35, 76.01),
(442, 14, 12, 25.63),
(443, 14, 107, 81.85),
(444, 14, 97, 79.39),
(445, 14, 49, 3.79),
(446, 14, 7, 56.88),
(447, 14, 77, 19.81),
(448, 14, 93, 48.52),
(449, 14, 63, 55.01),
(450, 15, 3, 56.6),
(451, 15, 66, 42.21),
(452, 15, 85, 73.75),
(453, 15, 6, 46.82),
(454, 15, 62, 72.53),
(455, 15, 23, 16.85),
(456, 15, 19, 19.25),
(457, 15, 11, 72.96),
(458, 15, 60, 44.42),
(459, 15, 53, 3.74),
(460, 15, 48, 67.02),
(461, 15, 81, 26.32),
(462, 15, 56, 48.52),
(463, 15, 2, 88.34),
(464, 15, 94, 37.42),
(465, 15, 76, 85.24),
(466, 15, 30, 41.12),
(467, 15, 73, 37.05),
(468, 15, 83, 55.9),
(469, 15, 34, 86.22),
(470, 15, 10, 96.64),
(471, 15, 21, 67.6),
(472, 15, 43, 80.23),
(473, 15, 41, 65.24),
(474, 15, 88, 22.89),
(475, 16, 88, 67.82),
(476, 16, 23, 30.59),
(477, 16, 31, 58.73),
(478, 16, 49, 99.58),
(479, 16, 48, 15.19),
(480, 16, 89, 6.59),
(481, 16, 99, 4.97),
(482, 16, 106, 17.94),
(483, 16, 85, 44.88),
(484, 16, 32, 80.75),
(485, 16, 22, 66.58),
(486, 16, 68, 20.02),
(487, 16, 46, 49.55),
(488, 16, 2, 48.1),
(489, 16, 16, 85.64),
(490, 16, 115, 17.66),
(491, 16, 4, 16.33),
(492, 16, 3, 71.04),
(493, 16, 58, 79.51),
(494, 17, 34, 15.85),
(495, 17, 51, 26.46),
(496, 17, 109, 46.75),
(497, 17, 47, 10.4),
(498, 17, 24, 71.23),
(499, 17, 52, 23.08),
(500, 17, 5, 24.42),
(501, 17, 100, 92.29),
(502, 17, 113, 90.93),
(503, 17, 94, 20.47),
(504, 17, 38, 6.02),
(505, 18, 38, 31.01),
(506, 18, 109, 33.22),
(507, 18, 89, 91.76),
(508, 18, 101, 93.26),
(509, 18, 88, 52.36),
(510, 18, 20, 68.84),
(511, 18, 91, 91.77),
(512, 18, 90, 80.42),
(513, 18, 118, 82.01),
(514, 18, 103, 47.05),
(515, 18, 24, 66.78),
(516, 18, 48, 25.49),
(517, 18, 98, 76.25),
(518, 18, 76, 73.3),
(519, 18, 42, 88.12),
(520, 18, 61, 30.38),
(521, 18, 22, 98.93),
(522, 18, 21, 21.72),
(523, 18, 3, 98.91),
(524, 18, 34, 45.48),
(525, 18, 41, 4.57),
(526, 18, 26, 94.89),
(527, 18, 7, 99.17),
(528, 19, 62, 7.89),
(529, 19, 19, 44.69),
(530, 19, 110, 82.28),
(531, 19, 14, 41.92),
(532, 19, 113, 8.63),
(533, 19, 117, 47.62),
(534, 19, 61, 31.67),
(535, 19, 114, 55.23),
(536, 19, 23, 99.71),
(537, 19, 2, 27.55),
(538, 19, 26, 52.96),
(539, 19, 37, 94.09),
(540, 19, 41, 4.61),
(541, 19, 44, 2.31),
(542, 19, 45, 81.42),
(543, 19, 58, 41.98),
(544, 19, 20, 46.49),
(545, 19, 105, 4.91),
(546, 19, 24, 33.82),
(547, 19, 79, 1.33),
(548, 19, 51, 97.85),
(549, 19, 27, 50.77),
(550, 19, 63, 33.43),
(551, 19, 35, 81.2),
(552, 19, 106, 5.49),
(553, 20, 1, 11.79),
(554, 20, 80, 9.51),
(555, 20, 12, 43.51),
(556, 20, 44, 14.48),
(557, 20, 84, 30.44),
(558, 20, 106, 27.85),
(559, 20, 69, 28.51),
(560, 20, 115, 59.56),
(561, 20, 29, 62.62),
(562, 20, 74, 51.32),
(563, 20, 93, 60.2),
(564, 20, 51, 21.63),
(565, 20, 103, 92.3),
(566, 20, 110, 35.09),
(567, 20, 49, 77.73),
(568, 20, 23, 51.35),
(569, 20, 7, 63.33),
(570, 20, 59, 54.83),
(571, 20, 71, 91.45),
(572, 20, 2, 53.86),
(573, 20, 15, 16.96),
(574, 20, 25, 7.84),
(575, 20, 10, 83.27),
(576, 20, 108, 12.06),
(577, 20, 109, 47.85),
(578, 20, 57, 18.9),
(579, 20, 105, 23.31),
(580, 20, 79, 3.99),
(581, 20, 92, 82.48),
(582, 20, 14, 70.04),
(583, 20, 30, 7.6),
(584, 20, 16, 85.98),
(585, 20, 94, 6.26),
(586, 20, 99, 44.74),
(587, 20, 65, 6.48),
(588, 20, 48, 48.95),
(589, 20, 11, 96.72),
(590, 21, 57, 47.81),
(591, 21, 50, 36.03),
(592, 21, 109, 79.68),
(593, 21, 112, 60.76),
(594, 21, 84, 40.19),
(595, 21, 41, 54.35),
(596, 21, 87, 59.71),
(597, 21, 38, 12.72),
(598, 21, 110, 12.99),
(599, 21, 62, 33.31),
(600, 21, 97, 21.68),
(601, 21, 19, 43.28),
(602, 21, 81, 48.51),
(603, 21, 43, 15.06),
(604, 21, 12, 53.49),
(605, 21, 100, 62.12),
(606, 21, 1, 48.8),
(607, 21, 105, 13.61),
(608, 21, 46, 35.11),
(609, 21, 36, 30.73),
(610, 21, 115, 9.36),
(611, 21, 103, 37.28),
(612, 21, 67, 77.35),
(613, 21, 106, 33.12),
(614, 21, 53, 90.91),
(615, 21, 117, 90.45),
(616, 21, 33, 15.0),
(617, 21, 92, 46.11),
(618, 21, 29, 93.34),
(619, 21, 73, 9.71),
(620, 21, 52, 73.17),
(621, 21, 35, 58.14),
(622, 21, 89, 85.07),
(623, 21, 56, 48.12),
(624, 21, 31, 74.91),
(625, 21, 9, 58.08),
(626, 21, 25, 26.59),
(627, 21, 90, 93.48),
(628, 21, 71, 4.32),
(629, 21, 26, 75.08),
(630, 21, 88, 87.15),
(631, 21, 5, 29.07),
(632, 21, 2, 23.69),
(633, 21, 28, 93.78),
(634, 21, 114, 55.93),
(635, 21, 68, 64.89),
(636, 22, 1, 80.53),
(637, 22, 35, 14.85),
(638, 22, 102, 16.1),
(639, 22, 92, 92.06),
(640, 22, 54, 73.08),
(641, 22, 43, 25.41),
(642, 22, 41, 41.29),
(643, 22, 38, 35.56),
(644, 22, 72, 98.92),
(645, 22, 99, 66.35),
(646, 22, 100, 17.26),
(647, 22, 48, 99.69),
(648, 22, 80, 50.69),
(649, 22, 89, 2.9),
(650, 22, 52, 10.66),
(651, 22, 79, 3.56),
(652, 22, 11, 76.25),
(653, 22, 71, 52.65),
(654, 22, 2, 24.36),
(655, 22, 5, 41.8),
(656, 22, 107, 8.85),
(657, 22, 25, 30.61),
(658, 22, 16, 56.92),
(659, 22, 19, 59.7),
(660, 22, 75, 69.18),
(661, 22, 55, 2.31),
(662, 22, 3, 22.04),
(663, 22, 70, 68.16),
(664, 22, 45, 23.04),
(665, 22, 82, 80.3),
(666, 22, 31, 47.53),
(667, 22, 103, 69.25),
(668, 22, 46, 96.96),
(669, 23, 106, 45.72),
(670, 23, 89, 84.52),
(671, 23, 105, 14.11),
(672, 23, 34, 17.85),
(673, 23, 50, 64.31),
(674, 23, 44, 46.15),
(675, 23, 100, 38.56),
(676, 23, 74, 77.87),
(677, 23, 37, 62.34),
(678, 23, 7, 65.98),
(679, 23, 103, 62.17),
(680, 24, 5, 20.29),
(681, 24, 29, 3.24),
(682, 24, 66, 90.13),
(683, 24, 16, 90.51),
(684, 24, 96, 28.83),
(685, 24, 21, 19.24),
(686, 24, 45, 27.84),
(687, 24, 75, 47.66),
(688, 24, 73, 89.63),
(689, 24, 77, 66.56),
(690, 24, 39, 64.36),
(691, 24, 47, 50.56),
(692, 24, 114, 49.03),
(693, 24, 112, 53.58),
(694, 24, 28, 48.31),
(695, 24, 55, 61.92),
(696, 24, 46, 83.44),
(697, 24, 60, 82.87),
(698, 24, 106, 98.46),
(699, 24, 95, 7.85),
(700, 24, 85, 79.95),
(701, 24, 26, 21.2),
(702, 25, 116, 38.44),
(703, 25, 5, 77.24),
(704, 25, 94, 37.49),
(705, 25, 10, 76.29),
(706, 25, 80, 28.33),
(707, 25, 104, 48.73),
(708, 25, 23, 27.59),
(709, 25, 112, 41.51),
(710, 25, 58, 15.41),
(711, 25, 107, 67.29),
(712, 25, 7, 8.83),
(713, 25, 69, 17.85),
(714, 25, 36, 85.39),
(715, 25, 88, 21.37),
(716, 25, 40, 82.81),
(717, 25, 66, 75.04),
(718, 25, 74, 57.21),
(719, 25, 16, 46.64),
(720, 25, 61, 86.07),
(721, 25, 57, 56.03),
(722, 25, 39, 82.43),
(723, 25, 11, 48.33),
(724, 25, 59, 70.51),
(725, 25, 75, 21.07),
(726, 25, 47, 10.15),
(727, 25, 64, 24.7),
(728, 25, 2, 54.19),
(729, 25, 38, 34.84),
(730, 25, 98, 74.53),
(731, 25, 111, 35.53),
(732, 25, 22, 91.51),
(733, 25, 14, 71.72),
(734, 25, 101, 40.07),
(735, 25, 77, 48.48),
(736, 25, 106, 22.01),
(737, 25, 4, 75.51),
(738, 25, 110, 11.87),
(739, 25, 85, 1.96),
(740, 25, 73, 56.0),
(741, 25, 25, 44.45),
(742, 25, 3, 52.5),
(743, 25, 90, 38.99),
(744, 25, 70, 22.7),
(745, 26, 58, 34.73),
(746, 26, 15, 13.15),
(747, 26, 38, 37.27),
(748, 26, 73, 44.36),
(749, 26, 13, 17.38),
(750, 26, 90, 46.51),
(751, 26, 99, 64.85),
(752, 26, 49, 6.93),
(753, 26, 63, 25.25),
(754, 26, 67, 13.16),
(755, 26, 53, 86.03),
(756, 26, 118, 9.7),
(757, 26, 72, 70.25),
(758, 26, 76, 45.6),
(759, 26, 83, 75.1),
(760, 26, 54, 96.93),
(761, 26, 91, 40.76),
(762, 26, 114, 60.93),
(763, 26, 34, 41.03),
(764, 26, 107, 58.15),
(765, 26, 96, 51.49),
(766, 26, 22, 30.75),
(767, 26, 33, 77.8),
(768, 27, 98, 51.0),
(769, 27, 2, 24.81),
(770, 27, 51, 70.98),
(771, 27, 1, 18.4),
(772, 27, 111, 82.34),
(773, 27, 14, 46.13),
(774, 27, 76, 15.92),
(775, 27, 18, 97.86),
(776, 27, 93, 96.48),
(777, 27, 48, 60.55),
(778, 27, 107, 13.26),
(779, 27, 44, 31.89),
(780, 28, 91, 51.85),
(781, 28, 39, 32.67),
(782, 28, 97, 13.62),
(783, 28, 45, 32.66),
(784, 28, 59, 15.14),
(785, 28, 81, 53.98),
(786, 28, 43, 67.04),
(787, 28, 12, 85.94),
(788, 28, 80, 1.29),
(789, 28, 95, 1.18),
(790, 28, 33, 41.34),
(791, 28, 88, 26.37),
(792, 28, 3, 30.93),
(793, 28, 113, 81.78),
(794, 28, 30, 20.85),
(795, 29, 25, 52.9),
(796, 29, 37, 93.24),
(797, 29, 115, 11.85),
(798, 29, 44, 92.72),
(799, 29, 88, 64.13),
(800, 29, 50, 86.15),
(801, 29, 74, 66.71),
(802, 29, 91, 8.22),
(803, 29, 55, 65.16),
(804, 29, 89, 7.36),
(805, 29, 27, 16.19),
(806, 29, 73, 82.23),
(807, 29, 112, 86.69),
(808, 29, 118, 68.79),
(809, 29, 102, 99.16),
(810, 29, 13, 46.06),
(811, 29, 61, 15.57),
(812, 29, 5, 11.37),
(813, 29, 56, 7.64),
(814, 29, 59, 98.88),
(815, 29, 33, 37.64),
(816, 29, 87, 19.66),
(817, 29, 34, 91.87),
(818, 29, 99, 87.02),
(819, 29, 26, 66.14),
(820, 29, 57, 93.06),
(821, 29, 39, 86.34),
(822, 29, 95, 60.9),
(823, 29, 93, 51.81),
(824, 29, 8, 94.14),
(825, 29, 63, 56.66),
(826, 29, 22, 52.85),
(827, 29, 58, 39.28),
(828, 29, 10, 16.91),
(829, 29, 41, 96.33),
(830, 29, 21, 47.66),
(831, 29, 110, 43.3),
(832, 29, 65, 91.19),
(833, 29, 53, 64.14),
(834, 29, 67, 5.68),
(835, 29, 85, 93.07),
(836, 29, 107, 48.28),
(837, 29, 43, 68.83),
(838, 29, 28, 48.31),
(839, 29, 51, 21.8),
(840, 29, 45, 78.84),
(841, 29, 82, 22.61),
(842, 29, 105, 79.94),
(843, 29, 81, 77.16),
(844, 29, 76, 48.11),
(845, 30, 94, 8.15),
(846, 30, 49, 18.67),
(847, 30, 71, 6.47),
(848, 30, 63, 93.12),
(849, 30, 61, 43.61),
(850, 30, 3, 92.62),
(851, 30, 22, 30.53),
(852, 30, 100, 53.62),
(853, 30, 30, 47.29),
(854, 30, 52, 57.18),
(855, 30, 18, 38.37),
(856, 30, 65, 32.99),
(857, 30, 17, 17.35),
(858, 30, 51, 88.6),
(859, 30, 85, 4.56),
(860, 30, 24, 3.73),
(861, 30, 81, 14.76),
(862, 30, 72, 71.79),
(863, 30, 37, 67.38),
(864, 30, 15, 92.67),
(865, 30, 64, 72.36),
(866, 30, 57, 93.5),
(867, 30, 20, 89.65),
(868, 30, 10, 95.9),
(869, 30, 92, 26.97),
(870, 30, 87, 42.95),
(871, 30, 41, 74.84),
(872, 30, 60, 97.2),
(873, 31, 116, 16.87),
(874, 31, 30, 52.02),
(875, 31, 100, 61.81),
(876, 31, 105, 7.32),
(877, 31, 78, 95.54),
(878, 31, 26, 65.41),
(879, 31, 32, 74.3),
(880, 31, 114, 58.42),
(881, 31, 7, 99.34),
(882, 31, 115, 60.84),
(883, 31, 58, 12.69),
(884, 31, 20, 42.89),
(885, 31, 3, 66.72),
(886, 31, 1, 63.5),
(887, 31, 87, 40.8),
(888, 31, 4, 5.11),
(889, 31, 81, 49.92),
(890, 31, 42, 79.64),
(891, 31, 67, 80.03),
(892, 31, 79, 3.67),
(893, 31, 108, 6.15),
(894, 31, 12, 46.75),
(895, 31, 70, 98.93),
(896, 31, 74, 62.03),
(897, 31, 71, 21.07),
(898, 31, 104, 39.2),
(899, 31, 53, 86.92),
(900, 31, 96, 32.94),
(901, 31, 29, 37.55),
(902, 31, 38, 65.88),
(903, 31, 23, 48.54),
(904, 31, 91, 62.69),
(905, 31, 99, 24.77),
(906, 31, 93, 11.63),
(907, 31, 109, 62.17),
(908, 31, 2, 44.75),
(909, 32, 95, 18.13),
(910, 32, 11, 73.62),
(911, 32, 32, 75.65),
(912, 32, 98, 73.71),
(913, 32, 110, 15.56),
(914, 32, 80, 27.64),
(915, 32, 4, 21.04),
(916, 32, 75, 11.51),
(917, 32, 101, 96.03),
(918, 32, 26, 6.66),
(919, 32, 55, 55.72),
(920, 32, 67, 97.9),
(921, 32, 54, 30.81),
(922, 32, 83, 68.35),
(923, 32, 17, 78.58),
(924, 32, 66, 77.46),
(925, 32, 50, 66.81),
(926, 32, 81, 83.84),
(927, 32, 25, 58.26),
(928, 32, 61, 97.67),
(929, 32, 99, 32.1),
(930, 32, 97, 23.9),
(931, 32, 85, 88.07),
(932, 32, 16, 45.84),
(933, 32, 27, 48.19),
(934, 33, 84, 57.29),
(935, 33, 111, 66.83),
(936, 33, 16, 34.62),
(937, 33, 62, 19.91),
(938, 33, 116, 15.68),
(939, 33, 115, 80.9),
(940, 33, 8, 91.24),
(941, 33, 20, 92.91),
(942, 33, 88, 63.25),
(943, 33, 12, 55.62),
(944, 33, 65, 76.8),
(945, 33, 64, 82.18),
(946, 33, 32, 3.95),
(947, 33, 99, 12.5),
(948, 33, 4, 38.54),
(949, 33, 77, 21.47),
(950, 33, 23, 90.16),
(951, 33, 114, 79.7),
(952, 33, 101, 51.4),
(953, 33, 57, 20.84),
(954, 33, 107, 48.49),
(955, 33, 34, 93.88),
(956, 33, 100, 18.86),
(957, 33, 43, 30.0),
(958, 33, 2, 95.37),
(959, 33, 18, 36.34),
(960, 33, 95, 56.29),
(961, 33, 74, 21.51),
(962, 34, 88, 68.82),
(963, 34, 9, 40.83),
(964, 34, 90, 1.14),
(965, 34, 48, 23.24),
(966, 34, 42, 44.2),
(967, 34, 109, 12.73),
(968, 34, 83, 72.05),
(969, 34, 86, 27.3),
(970, 34, 73, 45.37),
(971, 34, 49, 30.18),
(972, 34, 45, 95.29),
(973, 34, 6, 49.11),
(974, 34, 80, 13.44),
(975, 34, 1, 84.78),
(976, 34, 3, 99.19),
(977, 34, 110, 25.42),
(978, 34, 103, 93.62),
(979, 34, 108, 14.58),
(980, 34, 29, 8.45),
(981, 34, 70, 26.75),
(982, 34, 10, 23.35),
(983, 34, 65, 1.12),
(984, 34, 32, 10.78),
(985, 34, 23, 12.36),
(986, 34, 63, 19.92),
(987, 34, 68, 32.47),
(988, 34, 101, 77.46),
(989, 34, 55, 20.14),
(990, 34, 99, 3.1),
(991, 34, 25, 87.14),
(992, 34, 85, 35.35),
(993, 34, 56, 43.26),
(994, 34, 96, 59.44),
(995, 34, 102, 28.92),
(996, 34, 18, 67.48),
(997, 34, 54, 10.56),
(998, 34, 39, 79.18),
(999, 34, 60, 49.56),
(1000, 34, 94, 20.22),
(1001, 34, 43, 79.41),
(1002, 34, 71, 76.51),
(1003, 34, 58, 87.81),
(1004, 34, 97, 34.43),
(1005, 34, 5, 75.49),
(1006, 34, 76, 59.01),
(1007, 34, 37, 13.28),
(1008, 34, 53, 6.46),
(1009, 34, 82, 56.64),
(1010, 34, 8, 10.45),
(1011, 35, 74, 69.26),
(1012, 35, 65, 3.25),
(1013, 35, 47, 87.59),
(1014, 35, 108, 2.04),
(1015, 35, 88, 85.5),
(1016, 35, 87, 8.5),
(1017, 35, 77, 19.27),
(1018, 35, 72, 80.73),
(1019, 35, 110, 73.58),
(1020, 35, 117, 96.23),
(1021, 35, 113, 71.66),
(1022, 35, 101, 9.3),
(1023, 35, 114, 31.36),
(1024, 35, 14, 93.93),
(1025, 35, 3, 63.52),
(1026, 35, 37, 17.98),
(1027, 35, 19, 55.66),
(1028, 35, 86, 38.88),
(1029, 35, 52, 68.49),
(1030, 35, 97, 96.2),
(1031, 35, 42, 25.29),
(1032, 36, 40, 68.47),
(1033, 36, 112, 47.05),
(1034, 36, 47, 67.45),
(1035, 36, 56, 62.76),
(1036, 36, 37, 8.63),
(1037, 36, 23, 71.48),
(1038, 36, 30, 22.75),
(1039, 36, 11, 25.07),
(1040, 36, 52, 33.67),
(1041, 36, 42, 94.52),
(1042, 36, 93, 11.5),
(1043, 36, 107, 30.88),
(1044, 36, 68, 23.63),
(1045, 36, 8, 63.51),
(1046, 36, 69, 5.83),
(1047, 36, 38, 32.96),
(1048, 36, 43, 78.3),
(1049, 36, 17, 68.92),
(1050, 36, 12, 66.04),
(1051, 36, 103, 88.78),
(1052, 36, 105, 53.73),
(1053, 36, 80, 51.31),
(1054, 36, 61, 64.72),
(1055, 36, 36, 25.97),
(1056, 36, 79, 18.85),
(1057, 36, 88, 36.44),
(1058, 36, 54, 76.07),
(1059, 36, 96, 83.37),
(1060, 36, 62, 7.55),
(1061, 36, 71, 93.78),
(1062, 36, 6, 22.52),
(1063, 36, 7, 24.58),
(1064, 36, 18, 47.12),
(1065, 36, 22, 67.36),
(1066, 36, 24, 47.75),
(1067, 36, 2, 98.38),
(1068, 36, 91, 73.55),
(1069, 36, 94, 8.27),
(1070, 36, 29, 52.42),
(1071, 36, 58, 42.04),
(1072, 36, 102, 37.08),
(1073, 36, 101, 71.18),
(1074, 37, 27, 5.99),
(1075, 37, 48, 11.47),
(1076, 37, 91, 91.44),
(1077, 37, 63, 86.13),
(1078, 37, 70, 12.29),
(1079, 37, 18, 89.98),
(1080, 37, 58, 10.05),
(1081, 37, 64, 82.29),
(1082, 37, 7, 27.83),
(1083, 37, 11, 15.91),
(1084, 37, 32, 96.37),
(1085, 38, 62, 34.58),
(1086, 38, 59, 14.38),
(1087, 38, 41, 62.35),
(1088, 38, 112, 80.88),
(1089, 38, 105, 66.15),
(1090, 38, 5, 69.57),
(1091, 38, 103, 77.68),
(1092, 38, 87, 39.74),
(1093, 38, 71, 87.73),
(1094, 38, 117, 92.55),
(1095, 38, 38, 69.53),
(1096, 38, 31, 63.64),
(1097, 38, 70, 62.05),
(1098, 38, 58, 6.37),
(1099, 38, 76, 25.91),
(1100, 38, 60, 94.39),
(1101, 38, 48, 29.46),
(1102, 38, 4, 59.41),
(1103, 39, 101, 13.55),
(1104, 39, 7, 58.09),
(1105, 39, 29, 68.27),
(1106, 39, 10, 90.51),
(1107, 39, 8, 67.49),
(1108, 39, 82, 50.38),
(1109, 39, 96, 65.36),
(1110, 39, 83, 35.41),
(1111, 39, 52, 55.21),
(1112, 39, 73, 64.03),
(1113, 39, 91, 43.52),
(1114, 39, 97, 29.1),
(1115, 39, 40, 90.84),
(1116, 39, 110, 72.82),
(1117, 39, 57, 98.68),
(1118, 39, 65, 92.97),
(1119, 39, 114, 12.32),
(1120, 39, 92, 26.92),
(1121, 39, 70, 17.28),
(1122, 39, 63, 29.28),
(1123, 39, 68, 1.79),
(1124, 39, 98, 78.99),
(1125, 39, 38, 52.35),
(1126, 39, 19, 52.35),
(1127, 39, 37, 12.89),
(1128, 39, 1, 17.46),
(1129, 39, 5, 69.74),
(1130, 39, 77, 7.99),
(1131, 39, 58, 84.68),
(1132, 39, 86, 86.3),
(1133, 39, 74, 45.02),
(1134, 39, 59, 20.81),
(1135, 39, 105, 25.77),
(1136, 39, 89, 29.53),
(1137, 39, 71, 77.55),
(1138, 39, 117, 73.84),
(1139, 39, 15, 70.73),
(1140, 39, 28, 34.26),
(1141, 39, 49, 71.95),
(1142, 40, 56, 45.56),
(1143, 40, 48, 68.5),
(1144, 40, 106, 60.38),
(1145, 40, 68, 34.94),
(1146, 40, 74, 29.33),
(1147, 40, 100, 97.08),
(1148, 40, 44, 25.16),
(1149, 40, 14, 64.06),
(1150, 40, 102, 87.79),
(1151, 40, 107, 70.96),
(1152, 40, 79, 60.19),
(1153, 40, 88, 86.5),
(1154, 40, 114, 88.86),
(1155, 41, 103, 44.79),
(1156, 41, 13, 65.87),
(1157, 41, 34, 6.04),
(1158, 41, 97, 40.18),
(1159, 41, 85, 62.17),
(1160, 41, 109, 57.43),
(1161, 41, 72, 16.23),
(1162, 41, 62, 57.12),
(1163, 41, 24, 28.0),
(1164, 41, 82, 10.79),
(1165, 41, 96, 61.65),
(1166, 41, 41, 15.0),
(1167, 41, 32, 64.87),
(1168, 41, 12, 74.25),
(1169, 42, 16, 90.84),
(1170, 42, 64, 20.86),
(1171, 42, 77, 35.02),
(1172, 42, 70, 4.12),
(1173, 42, 104, 3.77),
(1174, 42, 90, 31.56),
(1175, 42, 21, 30.89),
(1176, 42, 72, 50.21),
(1177, 42, 38, 56.16),
(1178, 42, 75, 70.68),
(1179, 42, 88, 86.89),
(1180, 42, 24, 65.68),
(1181, 42, 2, 57.63),
(1182, 42, 69, 95.89),
(1183, 42, 17, 32.29),
(1184, 42, 79, 21.17),
(1185, 42, 30, 73.72),
(1186, 42, 43, 82.36),
(1187, 42, 63, 88.86),
(1188, 42, 31, 98.14),
(1189, 42, 89, 61.95),
(1190, 42, 116, 55.33),
(1191, 43, 114, 2.42),
(1192, 43, 20, 48.17),
(1193, 43, 66, 67.77),
(1194, 43, 48, 64.59),
(1195, 43, 50, 45.31),
(1196, 43, 116, 57.26),
(1197, 43, 35, 5.77),
(1198, 43, 92, 57.3),
(1199, 43, 15, 34.8),
(1200, 43, 82, 74.97),
(1201, 43, 69, 75.05),
(1202, 43, 73, 4.14),
(1203, 43, 55, 22.59),
(1204, 43, 89, 33.37),
(1205, 43, 72, 30.56),
(1206, 43, 1, 28.76),
(1207, 43, 99, 14.47),
(1208, 43, 23, 30.37),
(1209, 43, 42, 76.77),
(1210, 43, 83, 85.21),
(1211, 43, 7, 78.34),
(1212, 43, 3, 50.87),
(1213, 43, 37, 66.91),
(1214, 43, 26, 54.76),
(1215, 44, 116, 82.86),
(1216, 44, 10, 27.15),
(1217, 44, 35, 72.24),
(1218, 44, 40, 17.53),
(1219, 44, 71, 87.59),
(1220, 44, 118, 94.61),
(1221, 44, 96, 30.42),
(1222, 44, 104, 49.89),
(1223, 44, 109, 45.05),
(1224, 44, 53, 35.82),
(1225, 44, 90, 7.66),
(1226, 44, 4, 56.77),
(1227, 44, 77, 71.17),
(1228, 44, 1, 43.38),
(1229, 44, 16, 11.89),
(1230, 44, 60, 54.5),
(1231, 44, 13, 65.53),
(1232, 44, 92, 69.7),
(1233, 44, 73, 65.93),
(1234, 44, 11, 95.19),
(1235, 44, 76, 25.16),
(1236, 44, 89, 87.33),
(1237, 44, 91, 97.16),
(1238, 44, 30, 31.04),
(1239, 44, 95, 91.22),
(1240, 44, 70, 89.37),
(1241, 44, 12, 58.07),
(1242, 44, 79, 77.54),
(1243, 44, 51, 54.96),
(1244, 44, 27, 42.51),
(1245, 44, 32, 97.18),
(1246, 44, 5, 36.51),
(1247, 45, 35, 57.37),
(1248, 45, 113, 3.18),
(1249, 45, 91, 65.24),
(1250, 45, 86, 41.62),
(1251, 45, 93, 76.17),
(1252, 45, 50, 92.6),
(1253, 45, 32, 67.48),
(1254, 45, 105, 30.37),
(1255, 45, 48, 2.24),
(1256, 45, 37, 68.09),
(1257, 45, 96, 37.86),
(1258, 45, 77, 80.77),
(1259, 45, 57, 13.23),
(1260, 45, 49, 8.68),
(1261, 45, 70, 74.88),
(1262, 46, 56, 11.61),
(1263, 46, 66, 97.36),
(1264, 46, 68, 88.22),
(1265, 46, 74, 83.12),
(1266, 46, 96, 41.84),
(1267, 46, 8, 3.36),
(1268, 46, 14, 90.26),
(1269, 46, 9, 16.5),
(1270, 46, 90, 64.61),
(1271, 46, 28, 17.0),
(1272, 46, 21, 50.01),
(1273, 46, 20, 56.85),
(1274, 46, 85, 61.36),
(1275, 46, 42, 84.47),
(1276, 46, 103, 95.54),
(1277, 46, 115, 49.23),
(1278, 46, 58, 70.12),
(1279, 46, 83, 33.68),
(1280, 46, 48, 43.65),
(1281, 46, 77, 2.62),
(1282, 46, 57, 89.88),
(1283, 46, 67, 30.43),
(1284, 46, 105, 51.67),
(1285, 46, 47, 81.42),
(1286, 46, 7, 12.02),
(1287, 46, 37, 30.54),
(1288, 46, 61, 24.99),
(1289, 46, 16, 94.26),
(1290, 46, 11, 25.18),
(1291, 47, 99, 4.2),
(1292, 47, 88, 49.12),
(1293, 47, 12, 37.36),
(1294, 47, 75, 55.06),
(1295, 47, 29, 4.72),
(1296, 47, 77, 81.12),
(1297, 47, 25, 80.86),
(1298, 47, 58, 88.43),
(1299, 47, 13, 2.19),
(1300, 47, 76, 88.38),
(1301, 47, 92, 38.39),
(1302, 47, 109, 52.13),
(1303, 47, 78, 99.13),
(1304, 47, 68, 60.34),
(1305, 47, 104, 91.12),
(1306, 47, 89, 68.15),
(1307, 47, 47, 56.73),
(1308, 47, 83, 22.56),
(1309, 47, 60, 38.15),
(1310, 47, 94, 70.08),
(1311, 47, 73, 17.44),
(1312, 47, 63, 43.8),
(1313, 47, 97, 48.2),
(1314, 47, 82, 72.12),
(1315, 47, 42, 75.08),
(1316, 47, 5, 3.71),
(1317, 47, 40, 99.87),
(1318, 47, 36, 98.35),
(1319, 47, 23, 29.15),
(1320, 47, 39, 12.62),
(1321, 47, 7, 20.57),
(1322, 47, 67, 69.18),
(1323, 47, 66, 80.77),
(1324, 47, 112, 2.91),
(1325, 47, 53, 11.87),
(1326, 47, 117, 99.28),
(1327, 47, 28, 29.16),
(1328, 47, 1, 76.07),
(1329, 47, 84, 87.86),
(1330, 47, 96, 97.08),
(1331, 47, 9, 54.73),
(1332, 48, 106, 23.8),
(1333, 48, 78, 27.88),
(1334, 48, 18, 23.84),
(1335, 48, 1, 4.34),
(1336, 48, 32, 14.74),
(1337, 48, 102, 17.07),
(1338, 48, 54, 18.78),
(1339, 48, 118, 11.39),
(1340, 48, 45, 72.85),
(1341, 48, 67, 3.25),
(1342, 48, 29, 48.94),
(1343, 48, 70, 5.79),
(1344, 48, 37, 80.11),
(1345, 48, 74, 56.27),
(1346, 48, 93, 43.71),
(1347, 48, 10, 96.22),
(1348, 48, 19, 98.14),
(1349, 48, 117, 46.76),
(1350, 48, 101, 38.63),
(1351, 48, 22, 62.14),
(1352, 48, 100, 80.92),
(1353, 48, 16, 27.45),
(1354, 48, 79, 2.58),
(1355, 48, 49, 98.13),
(1356, 48, 87, 28.07),
(1357, 48, 11, 75.68),
(1358, 49, 75, 58.33),
(1359, 49, 69, 36.64),
(1360, 49, 9, 76.91),
(1361, 49, 63, 28.88),
(1362, 49, 37, 32.58),
(1363, 49, 91, 8.29),
(1364, 49, 30, 2.74),
(1365, 49, 117, 33.13),
(1366, 49, 79, 69.02),
(1367, 49, 85, 76.43),
(1368, 49, 109, 83.72),
(1369, 49, 105, 80.05),
(1370, 49, 26, 34.27),
(1371, 49, 43, 35.79),
(1372, 49, 112, 85.15),
(1373, 49, 116, 9.4),
(1374, 49, 84, 9.1),
(1375, 49, 54, 32.13),
(1376, 49, 35, 80.43),
(1377, 49, 53, 94.78),
(1378, 49, 118, 97.95),
(1379, 49, 62, 86.42),
(1380, 49, 83, 31.06),
(1381, 49, 94, 62.4),
(1382, 50, 60, 3.4),
(1383, 50, 62, 71.86),
(1384, 50, 13, 22.5),
(1385, 50, 116, 49.93),
(1386, 50, 106, 98.75),
(1387, 50, 98, 16.63),
(1388, 50, 2, 22.93),
(1389, 50, 63, 17.48),
(1390, 50, 43, 58.96),
(1391, 50, 99, 52.51),
(1392, 50, 45, 68.29),
(1393, 50, 102, 43.67),
(1394, 50, 67, 53.56),
(1395, 50, 90, 64.07),
(1396, 50, 64, 5.62),
(1397, 50, 66, 69.7),
(1398, 50, 6, 26.51),
(1399, 50, 35, 11.38),
(1400, 50, 77, 97.93),
(1401, 50, 83, 95.53),
(1402, 50, 20, 43.72),
(1403, 50, 95, 23.23),
(1404, 50, 115, 93.69),
(1405, 50, 30, 75.36),
(1406, 51, 99, 28.16),
(1407, 51, 60, 10.53),
(1408, 51, 61, 74.75),
(1409, 51, 4, 5.24),
(1410, 51, 3, 35.99),
(1411, 51, 56, 24.32),
(1412, 51, 51, 4.53),
(1413, 51, 41, 42.11),
(1414, 51, 15, 2.03),
(1415, 51, 53, 83.06),
(1416, 51, 58, 86.78),
(1417, 51, 31, 11.6),
(1418, 51, 83, 18.17),
(1419, 51, 64, 14.07),
(1420, 51, 68, 73.8),
(1421, 51, 18, 93.28),
(1422, 51, 89, 1.46),
(1423, 51, 94, 43.8),
(1424, 51, 35, 29.09),
(1425, 51, 42, 28.32),
(1426, 51, 34, 18.9),
(1427, 51, 25, 11.25),
(1428, 52, 96, 98.64),
(1429, 52, 29, 2.48),
(1430, 52, 62, 71.02),
(1431, 52, 61, 45.81),
(1432, 52, 5, 21.91),
(1433, 52, 60, 39.73),
(1434, 52, 66, 82.48),
(1435, 52, 55, 10.17),
(1436, 52, 83, 88.69),
(1437, 52, 79, 33.32),
(1438, 53, 100, 9.69),
(1439, 53, 109, 70.12),
(1440, 53, 30, 28.87),
(1441, 53, 104, 22.89),
(1442, 53, 39, 35.59),
(1443, 53, 3, 51.3),
(1444, 53, 117, 44.14),
(1445, 53, 77, 86.66),
(1446, 53, 71, 93.41),
(1447, 53, 50, 65.03),
(1448, 53, 9, 51.46),
(1449, 53, 90, 77.26),
(1450, 53, 7, 83.59),
(1451, 53, 112, 22.5),
(1452, 53, 42, 1.09),
(1453, 53, 28, 76.24),
(1454, 53, 46, 62.03),
(1455, 53, 74, 34.13),
(1456, 53, 65, 38.66),
(1457, 53, 69, 40.28),
(1458, 53, 99, 93.9),
(1459, 53, 1, 67.64),
(1460, 53, 24, 89.37),
(1461, 53, 45, 86.02),
(1462, 53, 96, 37.63),
(1463, 53, 105, 24.06),
(1464, 53, 14, 43.52),
(1465, 53, 113, 83.47),
(1466, 53, 106, 49.48),
(1467, 53, 110, 37.48),
(1468, 53, 88, 95.93),
(1469, 53, 95, 92.54),
(1470, 53, 61, 88.22),
(1471, 53, 67, 98.34),
(1472, 53, 27, 65.51),
(1473, 53, 5, 32.48),
(1474, 53, 68, 79.31),
(1475, 53, 82, 19.28),
(1476, 53, 111, 26.5),
(1477, 53, 48, 40.22),
(1478, 53, 36, 20.9),
(1479, 53, 89, 24.2),
(1480, 53, 98, 12.86),
(1481, 53, 118, 92.86),
(1482, 53, 52, 87.79),
(1483, 53, 17, 31.84),
(1484, 53, 97, 32.29),
(1485, 54, 39, 84.91),
(1486, 54, 63, 8.75),
(1487, 54, 34, 54.37),
(1488, 54, 90, 46.8),
(1489, 54, 61, 52.51),
(1490, 54, 2, 34.1),
(1491, 54, 100, 74.79),
(1492, 54, 115, 30.77),
(1493, 54, 6, 46.76),
(1494, 54, 20, 13.89),
(1495, 54, 12, 3.87),
(1496, 54, 113, 12.9),
(1497, 54, 93, 67.83),
(1498, 54, 9, 13.53),
(1499, 54, 74, 34.68),
(1500, 54, 41, 50.31),
(1501, 54, 30, 32.38),
(1502, 54, 71, 62.42),
(1503, 54, 35, 36.11),
(1504, 54, 77, 8.15),
(1505, 54, 86, 33.84),
(1506, 54, 106, 85.93),
(1507, 54, 58, 78.23),
(1508, 54, 84, 33.18),
(1509, 54, 32, 17.71),
(1510, 54, 24, 27.77),
(1511, 54, 33, 24.87),
(1512, 54, 4, 44.79),
(1513, 54, 15, 48.23),
(1514, 54, 76, 51.63),
(1515, 54, 31, 68.56),
(1516, 54, 114, 63.58),
(1517, 54, 56, 94.46),
(1518, 54, 105, 65.39),
(1519, 54, 7, 86.2),
(1520, 54, 81, 7.26),
(1521, 54, 55, 60.33),
(1522, 55, 42, 99.32),
(1523, 55, 104, 77.87),
(1524, 55, 97, 95.08),
(1525, 55, 1, 52.03),
(1526, 55, 75, 41.89),
(1527, 55, 10, 80.26),
(1528, 55, 115, 41.68),
(1529, 55, 28, 44.4),
(1530, 55, 100, 90.2),
(1531, 55, 99, 49.17),
(1532, 55, 43, 73.02),
(1533, 55, 11, 83.34),
(1534, 55, 31, 66.72),
(1535, 55, 108, 16.88),
(1536, 55, 18, 32.51),
(1537, 55, 85, 28.45),
(1538, 55, 76, 25.75),
(1539, 55, 66, 59.79),
(1540, 55, 46, 47.79),
(1541, 55, 21, 41.28),
(1542, 55, 55, 38.28),
(1543, 55, 26, 43.49),
(1544, 55, 9, 7.44),
(1545, 55, 93, 60.23),
(1546, 55, 39, 1.77),
(1547, 55, 29, 89.79),
(1548, 55, 35, 30.48),
(1549, 55, 111, 72.38),
(1550, 55, 74, 95.47),
(1551, 55, 36, 17.07),
(1552, 55, 73, 72.5),
(1553, 55, 94, 45.52),
(1554, 55, 15, 94.05),
(1555, 55, 17, 28.15),
(1556, 55, 14, 42.32),
(1557, 55, 48, 96.89),
(1558, 55, 77, 30.36),
(1559, 55, 118, 42.99),
(1560, 55, 56, 70.07),
(1561, 55, 92, 47.28),
(1562, 55, 90, 8.26),
(1563, 55, 27, 24.42),
(1564, 55, 19, 7.31),
(1565, 55, 98, 51.77),
(1566, 55, 105, 86.48),
(1567, 55, 20, 30.37),
(1568, 55, 59, 88.32),
(1569, 55, 61, 68.28),
(1570, 56, 75, 81.09),
(1571, 56, 44, 94.99),
(1572, 56, 111, 97.61),
(1573, 56, 16, 49.27),
(1574, 56, 102, 17.72),
(1575, 56, 103, 94.68),
(1576, 56, 116, 24.35),
(1577, 56, 1, 84.46),
(1578, 56, 84, 34.15),
(1579, 56, 114, 7.89),
(1580, 56, 115, 68.76),
(1581, 56, 93, 13.34),
(1582, 56, 39, 39.49),
(1583, 56, 30, 5.31),
(1584, 56, 73, 60.57),
(1585, 56, 2, 58.89),
(1586, 56, 23, 8.04),
(1587, 56, 71, 24.29),
(1588, 56, 45, 79.29),
(1589, 56, 92, 99.16),
(1590, 56, 74, 77.42),
(1591, 56, 47, 69.55),
(1592, 56, 55, 15.3),
(1593, 56, 98, 41.94),
(1594, 56, 14, 34.98),
(1595, 56, 90, 80.56),
(1596, 56, 118, 74.7),
(1597, 56, 9, 3.51),
(1598, 57, 113, 71.02),
(1599, 57, 13, 25.97),
(1600, 57, 71, 36.96),
(1601, 57, 35, 84.51),
(1602, 57, 87, 99.45),
(1603, 57, 8, 9.24),
(1604, 57, 43, 37.86),
(1605, 57, 16, 10.48),
(1606, 57, 115, 10.1),
(1607, 57, 117, 50.48),
(1608, 57, 93, 4.75),
(1609, 57, 102, 85.28),
(1610, 57, 77, 72.55),
(1611, 57, 76, 58.58),
(1612, 57, 49, 84.27),
(1613, 57, 46, 55.0),
(1614, 57, 2, 35.87),
(1615, 57, 37, 85.94),
(1616, 57, 47, 98.94),
(1617, 57, 89, 93.93),
(1618, 57, 7, 11.23),
(1619, 57, 109, 45.13),
(1620, 57, 106, 80.27),
(1621, 57, 15, 19.56),
(1622, 57, 40, 33.57),
(1623, 57, 98, 90.29),
(1624, 57, 112, 7.36),
(1625, 58, 106, 54.62),
(1626, 58, 83, 50.91),
(1627, 58, 43, 17.17),
(1628, 58, 59, 59.58),
(1629, 58, 113, 51.11),
(1630, 58, 90, 43.49),
(1631, 58, 60, 27.95),
(1632, 58, 85, 91.55),
(1633, 58, 103, 48.54),
(1634, 58, 2, 57.91),
(1635, 58, 19, 12.56),
(1636, 58, 29, 97.04),
(1637, 58, 80, 11.36),
(1638, 58, 116, 21.67),
(1639, 58, 111, 33.04),
(1640, 58, 9, 73.65),
(1641, 58, 31, 75.48),
(1642, 58, 3, 93.56),
(1643, 58, 36, 52.67),
(1644, 58, 10, 30.48),
(1645, 58, 94, 34.06),
(1646, 58, 76, 99.02),
(1647, 58, 108, 30.55),
(1648, 58, 11, 80.74),
(1649, 58, 41, 19.65),
(1650, 58, 17, 19.2),
(1651, 58, 35, 14.18),
(1652, 58, 15, 29.95),
(1653, 58, 21, 25.77),
(1654, 58, 91, 82.73),
(1655, 58, 115, 20.56),
(1656, 58, 65, 12.25),
(1657, 58, 33, 70.32),
(1658, 58, 30, 89.9),
(1659, 58, 45, 17.22),
(1660, 59, 52, 93.25),
(1661, 59, 29, 13.53),
(1662, 59, 110, 24.98),
(1663, 59, 33, 44.98),
(1664, 59, 9, 80.22),
(1665, 59, 14, 60.11),
(1666, 59, 70, 89.49),
(1667, 59, 7, 43.39),
(1668, 59, 94, 82.27),
(1669, 59, 60, 30.91),
(1670, 59, 100, 79.64),
(1671, 59, 83, 65.36),
(1672, 59, 3, 92.73),
(1673, 59, 16, 66.42),
(1674, 59, 92, 38.32),
(1675, 59, 4, 43.18),
(1676, 59, 101, 27.53),
(1677, 59, 58, 75.25),
(1678, 59, 48, 19.63),
(1679, 59, 10, 64.9),
(1680, 59, 75, 79.04),
(1681, 59, 84, 12.54),
(1682, 59, 61, 26.77),
(1683, 59, 88, 27.92),
(1684, 59, 2, 72.92),
(1685, 59, 50, 37.84),
(1686, 59, 26, 56.17),
(1687, 59, 102, 89.61),
(1688, 59, 95, 54.28),
(1689, 59, 65, 99.53),
(1690, 59, 28, 26.21),
(1691, 59, 8, 82.59),
(1692, 59, 112, 39.8),
(1693, 59, 38, 17.7),
(1694, 59, 39, 62.71),
(1695, 59, 31, 38.62),
(1696, 59, 104, 14.03),
(1697, 59, 66, 94.69),
(1698, 60, 15, 53.3),
(1699, 60, 70, 70.33),
(1700, 60, 107, 40.09),
(1701, 60, 11, 5.97),
(1702, 60, 63, 28.71),
(1703, 60, 75, 93.4),
(1704, 60, 30, 4.51),
(1705, 60, 91, 47.8),
(1706, 60, 113, 66.86),
(1707, 60, 20, 40.8),
(1708, 60, 97, 79.18),
(1709, 60, 9, 78.1),
(1710, 60, 105, 85.62),
(1711, 60, 26, 29.63),
(1712, 60, 40, 33.48),
(1713, 60, 21, 41.37),
(1714, 60, 117, 95.14),
(1715, 60, 110, 36.5),
(1716, 60, 103, 65.34),
(1717, 60, 84, 71.26),
(1718, 60, 72, 81.46),
(1719, 60, 104, 68.32),
(1720, 60, 60, 80.0),
(1721, 60, 6, 11.96),
(1722, 60, 83, 89.56),
(1723, 60, 12, 67.24),
(1724, 60, 22, 44.62),
(1725, 60, 74, 98.09),
(1726, 60, 116, 37.67),
(1727, 61, 59, 10.5),
(1728, 61, 97, 76.4),
(1729, 61, 72, 23.25),
(1730, 61, 86, 84.66),
(1731, 61, 87, 69.25),
(1732, 61, 35, 22.04),
(1733, 61, 1, 9.77),
(1734, 61, 93, 79.57),
(1735, 61, 39, 22.3),
(1736, 61, 69, 86.38),
(1737, 61, 3, 85.9),
(1738, 61, 96, 11.19),
(1739, 61, 111, 11.72),
(1740, 61, 45, 40.26),
(1741, 61, 4, 66.16),
(1742, 61, 31, 1.66),
(1743, 61, 67, 61.88),
(1744, 61, 50, 14.95),
(1745, 61, 10, 80.8),
(1746, 61, 28, 19.97),
(1747, 61, 101, 77.1),
(1748, 61, 115, 59.72),
(1749, 61, 112, 93.58),
(1750, 61, 62, 24.02),
(1751, 61, 82, 81.89),
(1752, 61, 68, 27.84),
(1753, 61, 7, 61.65),
(1754, 61, 29, 11.74),
(1755, 61, 116, 93.69),
(1756, 61, 80, 75.31),
(1757, 61, 49, 71.13),
(1758, 61, 25, 87.43),
(1759, 61, 13, 22.62),
(1760, 61, 75, 48.51),
(1761, 61, 20, 77.7),
(1762, 61, 81, 39.95),
(1763, 61, 46, 2.7),
(1764, 61, 40, 83.01),
(1765, 61, 103, 48.73),
(1766, 62, 11, 74.2),
(1767, 62, 38, 97.48),
(1768, 62, 57, 71.11),
(1769, 62, 73, 73.93),
(1770, 62, 9, 59.62),
(1771, 62, 45, 97.91),
(1772, 62, 64, 4.22),
(1773, 62, 93, 69.45),
(1774, 62, 37, 68.53),
(1775, 62, 44, 48.93),
(1776, 63, 102, 91.04),
(1777, 63, 78, 14.96),
(1778, 63, 74, 29.19),
(1779, 63, 63, 41.41),
(1780, 63, 19, 37.53),
(1781, 63, 28, 7.47),
(1782, 63, 54, 14.87),
(1783, 63, 68, 75.9),
(1784, 63, 25, 30.56),
(1785, 63, 75, 88.46),
(1786, 63, 103, 67.2),
(1787, 63, 16, 60.31),
(1788, 63, 93, 57.49),
(1789, 63, 6, 28.77),
(1790, 63, 106, 94.46),
(1791, 63, 11, 15.03),
(1792, 63, 51, 79.21),
(1793, 63, 110, 94.09),
(1794, 63, 76, 67.45),
(1795, 63, 7, 16.11),
(1796, 63, 17, 39.91),
(1797, 63, 111, 68.78),
(1798, 63, 21, 40.27),
(1799, 63, 45, 83.6),
(1800, 63, 35, 37.45),
(1801, 63, 14, 9.31),
(1802, 63, 112, 14.15),
(1803, 64, 31, 24.46),
(1804, 64, 63, 81.78),
(1805, 64, 96, 69.54),
(1806, 64, 28, 16.24),
(1807, 64, 101, 4.42),
(1808, 64, 56, 14.43),
(1809, 64, 35, 43.76),
(1810, 64, 113, 5.04),
(1811, 64, 22, 4.16),
(1812, 64, 115, 70.8),
(1813, 64, 109, 2.88),
(1814, 64, 118, 59.63),
(1815, 64, 55, 51.5),
(1816, 64, 32, 68.12),
(1817, 64, 57, 77.05),
(1818, 64, 38, 78.7),
(1819, 64, 70, 59.15),
(1820, 64, 44, 99.24),
(1821, 64, 69, 99.51),
(1822, 64, 90, 13.37),
(1823, 64, 81, 34.82),
(1824, 64, 14, 79.55),
(1825, 64, 67, 38.92),
(1826, 64, 116, 61.8),
(1827, 64, 82, 89.8),
(1828, 64, 105, 55.82),
(1829, 64, 37, 45.85),
(1830, 64, 91, 36.52),
(1831, 64, 95, 98.83),
(1832, 64, 43, 27.73),
(1833, 64, 18, 44.61),
(1834, 64, 75, 49.98),
(1835, 64, 26, 60.68),
(1836, 64, 58, 34.96),
(1837, 64, 74, 82.69),
(1838, 64, 72, 63.9),
(1839, 64, 17, 42.7),
(1840, 64, 48, 17.24),
(1841, 64, 80, 16.94),
(1842, 64, 50, 81.33),
(1843, 64, 71, 36.78),
(1844, 64, 9, 29.06),
(1845, 65, 93, 53.83),
(1846, 65, 57, 43.47),
(1847, 65, 9, 25.48),
(1848, 65, 37, 80.72),
(1849, 65, 66, 37.27),
(1850, 65, 90, 15.21),
(1851, 65, 54, 61.86),
(1852, 65, 24, 27.52),
(1853, 65, 29, 15.7),
(1854, 65, 28, 98.88),
(1855, 65, 98, 3.75),
(1856, 65, 38, 59.08),
(1857, 65, 72, 95.94),
(1858, 65, 71, 56.0),
(1859, 65, 41, 17.82),
(1860, 65, 78, 45.68),
(1861, 65, 101, 18.02),
(1862, 65, 33, 65.06),
(1863, 65, 22, 43.66),
(1864, 65, 27, 15.47),
(1865, 65, 4, 77.63),
(1866, 65, 11, 13.17),
(1867, 65, 116, 91.31),
(1868, 65, 48, 19.94),
(1869, 65, 51, 71.35),
(1870, 65, 95, 50.52),
(1871, 65, 84, 56.18),
(1872, 65, 107, 89.75),
(1873, 65, 62, 26.01),
(1874, 65, 14, 40.89),
(1875, 65, 100, 28.98),
(1876, 65, 3, 45.4),
(1877, 65, 15, 19.53),
(1878, 65, 1, 23.33),
(1879, 65, 65, 37.03),
(1880, 65, 59, 15.58),
(1881, 65, 32, 99.35),
(1882, 65, 89, 53.63),
(1883, 65, 35, 48.98),
(1884, 65, 94, 49.24),
(1885, 65, 25, 56.6),
(1886, 65, 102, 90.63),
(1887, 65, 16, 64.94),
(1888, 65, 43, 61.95),
(1889, 65, 103, 88.35),
(1890, 66, 106, 83.46),
(1891, 66, 103, 68.38),
(1892, 66, 91, 87.91),
(1893, 66, 41, 83.39),
(1894, 66, 36, 7.09),
(1895, 66, 80, 43.74),
(1896, 66, 30, 84.09),
(1897, 66, 38, 92.03),
(1898, 66, 57, 79.81),
(1899, 66, 96, 68.26),
(1900, 66, 73, 96.76),
(1901, 66, 6, 76.35),
(1902, 66, 100, 81.32),
(1903, 66, 66, 90.24),
(1904, 66, 93, 62.25),
(1905, 66, 102, 21.48),
(1906, 66, 51, 88.12),
(1907, 66, 87, 10.39),
(1908, 66, 76, 97.0),
(1909, 66, 92, 66.49),
(1910, 66, 52, 63.26),
(1911, 66, 13, 89.37),
(1912, 66, 58, 72.51),
(1913, 66, 27, 54.03),
(1914, 66, 99, 32.96),
(1915, 66, 1, 39.41),
(1916, 66, 115, 93.2),
(1917, 66, 26, 42.48),
(1918, 66, 60, 5.54),
(1919, 66, 20, 76.03),
(1920, 66, 31, 80.84),
(1921, 66, 50, 94.75),
(1922, 66, 61, 82.27),
(1923, 66, 88, 27.55),
(1924, 66, 25, 71.31),
(1925, 66, 44, 25.5),
(1926, 66, 97, 18.95),
(1927, 66, 113, 5.25),
(1928, 66, 84, 29.97),
(1929, 66, 19, 14.21),
(1930, 66, 78, 95.5),
(1931, 66, 81, 50.41),
(1932, 66, 110, 55.84),
(1933, 67, 88, 63.75),
(1934, 67, 82, 85.13),
(1935, 67, 50, 53.77),
(1936, 67, 84, 12.3),
(1937, 67, 75, 80.32),
(1938, 67, 73, 18.52),
(1939, 67, 63, 39.63),
(1940, 67, 113, 55.7),
(1941, 67, 1, 99.93),
(1942, 67, 66, 4.79),
(1943, 67, 77, 78.59),
(1944, 67, 25, 47.45),
(1945, 67, 9, 20.45),
(1946, 67, 69, 81.7),
(1947, 67, 60, 26.99),
(1948, 67, 15, 64.41),
(1949, 67, 6, 40.54),
(1950, 67, 2, 98.22),
(1951, 67, 106, 20.38),
(1952, 67, 70, 65.03),
(1953, 67, 45, 40.46),
(1954, 67, 11, 9.78),
(1955, 67, 112, 49.61),
(1956, 67, 35, 95.71),
(1957, 67, 108, 71.92),
(1958, 67, 53, 11.27),
(1959, 67, 83, 82.59),
(1960, 67, 89, 53.0),
(1961, 67, 46, 2.43),
(1962, 67, 118, 4.19),
(1963, 67, 33, 99.37),
(1964, 67, 3, 47.82),
(1965, 67, 96, 52.04),
(1966, 67, 49, 5.89),
(1967, 67, 78, 87.48),
(1968, 67, 30, 76.86),
(1969, 67, 97, 60.56),
(1970, 67, 67, 89.19),
(1971, 67, 107, 3.4),
(1972, 67, 87, 71.79),
(1973, 67, 54, 58.54),
(1974, 67, 74, 98.56),
(1975, 67, 115, 37.11),
(1976, 67, 61, 54.33),
(1977, 67, 110, 51.87),
(1978, 68, 117, 47.5),
(1979, 68, 18, 73.04),
(1980, 68, 55, 35.9),
(1981, 68, 17, 92.28),
(1982, 68, 37, 64.72),
(1983, 68, 30, 88.4),
(1984, 68, 99, 60.22),
(1985, 68, 6, 52.04),
(1986, 68, 10, 53.21),
(1987, 68, 108, 26.66),
(1988, 68, 48, 63.67),
(1989, 68, 53, 25.95),
(1990, 68, 43, 70.44),
(1991, 68, 22, 21.55),
(1992, 68, 62, 36.21),
(1993, 68, 87, 30.79),
(1994, 68, 64, 49.1),
(1995, 68, 113, 42.9),
(1996, 68, 40, 94.53),
(1997, 68, 29, 99.18),
(1998, 68, 15, 69.81),
(1999, 68, 73, 86.64),
(2000, 68, 80, 65.91),
(2001, 68, 89, 53.23),
(2002, 68, 107, 11.97),
(2003, 68, 39, 47.4),
(2004, 68, 14, 1.62),
(2005, 68, 24, 22.32),
(2006, 68, 9, 50.96),
(2007, 68, 38, 9.6),
(2008, 68, 115, 48.74),
(2009, 68, 109, 35.32),
(2010, 68, 34, 81.52),
(2011, 68, 75, 76.32),
(2012, 68, 84, 78.05),
(2013, 68, 21, 54.64),
(2014, 68, 46, 36.39),
(2015, 68, 91, 92.09),
(2016, 68, 8, 10.34),
(2017, 69, 84, 66.57),
(2018, 69, 9, 46.77),
(2019, 69, 71, 28.37),
(2020, 69, 52, 71.52),
(2021, 69, 32, 83.0),
(2022, 69, 53, 43.49),
(2023, 69, 62, 1.66),
(2024, 69, 27, 30.09),
(2025, 69, 45, 16.17),
(2026, 69, 29, 96.57),
(2027, 69, 77, 48.31),
(2028, 69, 78, 49.21),
(2029, 70, 10, 3.77),
(2030, 70, 7, 86.62),
(2031, 70, 97, 15.48),
(2032, 70, 45, 9.15),
(2033, 70, 48, 34.39),
(2034, 70, 14, 32.71),
(2035, 70, 110, 73.28),
(2036, 70, 37, 10.05),
(2037, 70, 100, 68.84),
(2038, 70, 53, 92.46),
(2039, 70, 67, 86.56),
(2040, 70, 95, 65.19),
(2041, 70, 63, 54.42),
(2042, 70, 29, 64.45),
(2043, 70, 20, 52.03),
(2044, 71, 38, 68.64),
(2045, 71, 116, 61.74),
(2046, 71, 66, 55.51),
(2047, 71, 117, 91.87),
(2048, 71, 44, 85.99),
(2049, 71, 85, 41.75),
(2050, 71, 112, 30.98),
(2051, 71, 95, 93.64),
(2052, 71, 72, 28.77),
(2053, 71, 62, 92.33),
(2054, 72, 2, 92.02),
(2055, 72, 24, 28.77),
(2056, 72, 62, 50.88),
(2057, 72, 33, 45.64),
(2058, 72, 49, 71.63),
(2059, 72, 5, 41.92),
(2060, 72, 68, 55.21),
(2061, 72, 91, 9.72),
(2062, 72, 84, 41.12),
(2063, 72, 46, 19.98),
(2064, 72, 23, 15.27),
(2065, 72, 61, 24.95),
(2066, 72, 42, 97.05),
(2067, 72, 102, 29.94),
(2068, 72, 67, 22.81),
(2069, 72, 69, 83.69),
(2070, 72, 56, 85.27),
(2071, 72, 107, 96.43),
(2072, 72, 111, 55.08),
(2073, 72, 87, 57.65),
(2074, 72, 12, 74.42),
(2075, 72, 114, 5.6),
(2076, 72, 81, 96.7),
(2077, 72, 98, 49.19),
(2078, 72, 72, 3.35),
(2079, 72, 86, 94.32),
(2080, 72, 54, 77.28),
(2081, 72, 22, 22.78),
(2082, 72, 32, 58.2),
(2083, 72, 70, 70.34),
(2084, 72, 57, 27.48),
(2085, 72, 51, 11.62),
(2086, 72, 4, 38.01),
(2087, 72, 83, 3.02),
(2088, 72, 112, 9.13),
(2089, 72, 95, 80.11),
(2090, 72, 92, 82.37),
(2091, 72, 79, 31.22),
(2092, 72, 52, 78.3),
(2093, 72, 116, 34.84),
(2094, 73, 7, 55.6),
(2095, 73, 82, 78.61),
(2096, 73, 19, 56.12),
(2097, 73, 60, 70.91),
(2098, 73, 70, 34.86),
(2099, 73, 57, 11.97),
(2100, 73, 16, 36.25),
(2101, 73, 98, 33.74),
(2102, 73, 86, 72.14),
(2103, 73, 18, 48.95),
(2104, 73, 65, 54.98),
(2105, 73, 94, 31.65),
(2106, 73, 58, 8.31),
(2107, 73, 23, 36.33),
(2108, 73, 37, 79.48),
(2109, 73, 9, 25.76),
(2110, 73, 8, 91.0),
(2111, 73, 34, 18.45),
(2112, 73, 103, 62.21),
(2113, 73, 48, 22.79),
(2114, 73, 93, 19.77),
(2115, 73, 3, 50.22),
(2116, 73, 92, 1.13),
(2117, 73, 11, 22.4),
(2118, 73, 51, 9.63),
(2119, 73, 27, 88.67),
(2120, 73, 49, 8.94),
(2121, 73, 29, 27.7),
(2122, 73, 21, 90.78),
(2123, 73, 12, 51.63),
(2124, 73, 59, 28.41),
(2125, 73, 118, 25.38),
(2126, 73, 67, 65.23),
(2127, 74, 85, 91.36),
(2128, 74, 76, 81.06),
(2129, 74, 106, 73.01),
(2130, 74, 102, 87.79),
(2131, 74, 14, 46.16),
(2132, 74, 65, 91.31),
(2133, 74, 109, 34.55),
(2134, 74, 53, 71.72),
(2135, 74, 20, 68.34),
(2136, 74, 101, 75.0),
(2137, 74, 55, 2.5),
(2138, 74, 51, 41.62),
(2139, 74, 13, 57.42),
(2140, 74, 58, 81.04),
(2141, 74, 99, 39.31),
(2142, 74, 77, 77.87),
(2143, 74, 81, 95.81),
(2144, 74, 116, 10.81),
(2145, 74, 69, 11.52),
(2146, 74, 64, 84.2),
(2147, 74, 25, 33.89),
(2148, 74, 110, 13.4),
(2149, 74, 113, 81.46),
(2150, 74, 88, 98.55),
(2151, 74, 100, 69.61),
(2152, 74, 40, 99.75),
(2153, 74, 42, 64.27),
(2154, 74, 56, 66.3),
(2155, 74, 71, 67.26),
(2156, 74, 104, 42.88),
(2157, 74, 15, 23.84),
(2158, 74, 18, 77.11),
(2159, 74, 80, 43.32),
(2160, 74, 32, 82.49),
(2161, 74, 37, 70.59),
(2162, 74, 93, 79.36),
(2163, 74, 52, 49.15),
(2164, 74, 79, 27.03),
(2165, 74, 112, 50.79),
(2166, 74, 94, 70.89),
(2167, 74, 70, 77.89),
(2168, 74, 38, 86.86),
(2169, 74, 78, 62.46),
(2170, 74, 83, 82.9),
(2171, 74, 72, 31.65),
(2172, 74, 1, 13.88),
(2173, 75, 113, 81.13),
(2174, 75, 102, 92.21),
(2175, 75, 49, 19.0),
(2176, 75, 95, 68.96),
(2177, 75, 108, 93.67),
(2178, 75, 20, 54.01),
(2179, 75, 60, 93.85),
(2180, 75, 55, 18.34),
(2181, 75, 13, 52.36),
(2182, 75, 64, 67.77),
(2183, 75, 88, 1.13),
(2184, 75, 74, 76.2),
(2185, 75, 44, 72.78),
(2186, 75, 53, 72.91),
(2187, 75, 21, 58.27),
(2188, 75, 66, 51.08),
(2189, 75, 31, 96.5),
(2190, 75, 112, 79.75),
(2191, 75, 57, 32.94),
(2192, 75, 73, 87.35),
(2193, 75, 118, 83.18),
(2194, 75, 8, 14.99),
(2195, 75, 109, 58.25),
(2196, 75, 33, 88.01),
(2197, 75, 4, 10.88),
(2198, 76, 63, 88.29),
(2199, 76, 68, 12.02),
(2200, 76, 7, 23.17),
(2201, 76, 23, 57.2),
(2202, 76, 89, 94.16),
(2203, 76, 108, 33.28),
(2204, 76, 64, 41.57),
(2205, 76, 116, 33.56),
(2206, 76, 18, 99.92),
(2207, 76, 87, 3.06),
(2208, 76, 21, 5.22),
(2209, 76, 48, 89.04),
(2210, 76, 73, 89.89),
(2211, 76, 40, 39.72),
(2212, 76, 81, 45.7),
(2213, 76, 102, 75.96),
(2214, 76, 109, 24.1),
(2215, 76, 84, 53.05),
(2216, 76, 111, 52.94),
(2217, 76, 50, 23.88),
(2218, 76, 59, 58.84),
(2219, 76, 2, 43.49),
(2220, 76, 107, 91.44),
(2221, 76, 33, 76.66),
(2222, 76, 65, 82.32),
(2223, 76, 43, 98.48),
(2224, 76, 71, 76.27),
(2225, 76, 32, 40.9),
(2226, 76, 57, 36.53),
(2227, 76, 95, 87.62),
(2228, 76, 45, 75.16),
(2229, 76, 97, 83.05),
(2230, 76, 76, 67.89),
(2231, 76, 112, 64.55),
(2232, 76, 37, 54.18),
(2233, 76, 16, 7.59),
(2234, 76, 61, 96.8),
(2235, 76, 3, 14.28),
(2236, 76, 113, 29.04),
(2237, 76, 10, 87.56),
(2238, 76, 26, 12.32),
(2239, 76, 80, 59.94),
(2240, 76, 77, 39.3),
(2241, 76, 11, 49.56),
(2242, 76, 6, 37.38),
(2243, 76, 44, 14.63),
(2244, 76, 14, 26.6),
(2245, 76, 69, 42.93),
(2246, 76, 83, 26.92),
(2247, 77, 92, 24.39),
(2248, 77, 101, 11.19),
(2249, 77, 38, 58.35),
(2250, 77, 110, 83.85),
(2251, 77, 57, 12.19),
(2252, 77, 30, 33.77),
(2253, 77, 2, 52.04),
(2254, 77, 59, 31.56),
(2255, 77, 20, 7.37),
(2256, 77, 114, 82.68),
(2257, 77, 105, 31.68),
(2258, 77, 65, 25.28),
(2259, 77, 89, 87.44),
(2260, 77, 40, 29.74),
(2261, 77, 78, 86.72),
(2262, 77, 24, 44.64),
(2263, 77, 85, 67.88),
(2264, 77, 76, 22.2),
(2265, 77, 9, 15.37),
(2266, 77, 90, 70.61),
(2267, 77, 63, 67.75),
(2268, 77, 83, 46.68),
(2269, 77, 93, 85.44),
(2270, 77, 71, 51.8),
(2271, 77, 37, 96.56),
(2272, 77, 25, 88.17),
(2273, 77, 61, 83.58),
(2274, 77, 18, 66.39),
(2275, 77, 48, 18.37),
(2276, 77, 53, 12.03),
(2277, 77, 29, 67.04),
(2278, 77, 99, 66.09),
(2279, 77, 58, 78.85),
(2280, 77, 8, 7.88),
(2281, 77, 102, 83.02),
(2282, 77, 86, 91.01),
(2283, 77, 12, 80.67),
(2284, 77, 73, 90.81),
(2285, 77, 103, 81.27),
(2286, 77, 54, 20.37),
(2287, 77, 39, 70.59),
(2288, 77, 21, 98.14),
(2289, 77, 66, 22.45),
(2290, 77, 112, 85.47),
(2291, 77, 88, 51.92),
(2292, 78, 66, 90.77),
(2293, 78, 46, 56.84),
(2294, 78, 101, 48.49),
(2295, 78, 96, 99.6),
(2296, 78, 60, 45.87),
(2297, 78, 78, 97.02),
(2298, 78, 13, 96.25),
(2299, 78, 43, 1.41),
(2300, 78, 83, 95.49),
(2301, 78, 34, 96.92),
(2302, 78, 91, 47.76),
(2303, 78, 87, 91.97),
(2304, 78, 20, 53.0),
(2305, 78, 56, 25.89),
(2306, 78, 23, 7.62),
(2307, 78, 47, 11.8),
(2308, 78, 117, 66.99),
(2309, 78, 116, 97.37),
(2310, 78, 3, 23.42),
(2311, 78, 81, 23.63),
(2312, 78, 30, 54.07),
(2313, 78, 100, 50.22),
(2314, 78, 64, 7.84),
(2315, 78, 111, 27.2),
(2316, 78, 118, 92.22),
(2317, 78, 42, 60.67),
(2318, 78, 45, 19.29),
(2319, 78, 51, 8.58),
(2320, 78, 35, 53.24),
(2321, 78, 71, 79.88),
(2322, 78, 114, 57.92),
(2323, 78, 11, 84.62),
(2324, 78, 15, 36.24),
(2325, 78, 108, 87.89),
(2326, 79, 112, 33.57),
(2327, 79, 35, 7.81),
(2328, 79, 6, 54.16),
(2329, 79, 61, 39.29),
(2330, 79, 98, 32.56),
(2331, 79, 23, 69.93),
(2332, 79, 115, 59.59),
(2333, 79, 80, 12.3),
(2334, 79, 69, 96.86),
(2335, 79, 70, 68.64),
(2336, 79, 1, 59.45),
(2337, 79, 74, 46.94),
(2338, 79, 81, 39.0),
(2339, 79, 21, 75.69),
(2340, 79, 24, 63.26),
(2341, 79, 85, 13.87),
(2342, 79, 84, 92.62),
(2343, 79, 77, 28.75),
(2344, 79, 105, 40.41),
(2345, 79, 49, 34.0),
(2346, 79, 66, 14.33),
(2347, 79, 59, 66.63),
(2348, 79, 63, 88.54),
(2349, 79, 34, 44.53),
(2350, 79, 95, 26.43),
(2351, 79, 10, 51.48),
(2352, 79, 2, 17.65),
(2353, 79, 51, 44.74),
(2354, 79, 5, 72.26),
(2355, 79, 94, 59.8),
(2356, 79, 57, 75.3),
(2357, 79, 39, 2.99),
(2358, 79, 102, 3.48),
(2359, 79, 82, 61.88),
(2360, 79, 106, 58.71),
(2361, 79, 93, 20.19),
(2362, 79, 116, 1.42),
(2363, 79, 78, 36.15),
(2364, 79, 16, 93.87),
(2365, 79, 89, 40.5),
(2366, 79, 73, 37.21),
(2367, 79, 36, 87.99),
(2368, 79, 38, 3.33),
(2369, 79, 3, 26.02),
(2370, 79, 109, 22.5),
(2371, 80, 105, 75.03),
(2372, 80, 38, 9.33),
(2373, 80, 71, 46.59),
(2374, 80, 21, 8.88),
(2375, 80, 53, 20.87),
(2376, 80, 72, 75.02),
(2377, 80, 115, 29.65),
(2378, 80, 110, 26.7),
(2379, 80, 55, 18.45),
(2380, 80, 68, 77.47),
(2381, 80, 42, 62.73),
(2382, 80, 69, 79.02),
(2383, 80, 98, 35.71),
(2384, 80, 22, 49.39),
(2385, 80, 114, 33.13),
(2386, 80, 95, 17.31),
(2387, 80, 52, 17.13),
(2388, 80, 103, 19.89),
(2389, 80, 14, 68.11),
(2390, 80, 31, 6.24),
(2391, 80, 67, 55.79),
(2392, 80, 30, 16.81),
(2393, 80, 37, 18.16),
(2394, 80, 54, 12.75),
(2395, 80, 19, 79.9),
(2396, 80, 47, 13.24),
(2397, 80, 46, 24.18),
(2398, 80, 7, 42.66),
(2399, 81, 70, 46.04),
(2400, 81, 23, 8.55),
(2401, 81, 114, 85.35),
(2402, 81, 60, 93.87),
(2403, 81, 107, 67.84),
(2404, 81, 80, 52.09),
(2405, 81, 19, 34.33),
(2406, 81, 34, 80.02),
(2407, 81, 54, 14.53),
(2408, 81, 39, 27.17),
(2409, 81, 96, 55.14),
(2410, 81, 108, 41.68),
(2411, 81, 52, 98.88),
(2412, 81, 51, 40.67),
(2413, 81, 20, 62.28),
(2414, 81, 116, 56.35),
(2415, 81, 106, 67.0),
(2416, 81, 47, 11.94),
(2417, 81, 16, 33.9),
(2418, 81, 95, 61.61),
(2419, 81, 93, 63.18),
(2420, 81, 97, 16.18),
(2421, 81, 38, 83.43),
(2422, 81, 100, 22.53),
(2423, 81, 57, 5.23),
(2424, 81, 90, 74.2),
(2425, 81, 66, 95.6),
(2426, 81, 74, 94.38),
(2427, 81, 67, 92.81),
(2428, 81, 32, 81.39),
(2429, 81, 87, 89.3),
(2430, 81, 8, 50.91),
(2431, 81, 61, 30.41),
(2432, 81, 109, 45.53),
(2433, 81, 75, 44.17),
(2434, 81, 76, 69.14),
(2435, 81, 59, 33.42),
(2436, 81, 12, 5.58),
(2437, 81, 58, 90.58),
(2438, 82, 3, 36.67),
(2439, 82, 23, 31.66),
(2440, 82, 60, 87.1),
(2441, 82, 86, 17.58),
(2442, 82, 118, 93.4),
(2443, 82, 33, 59.14),
(2444, 82, 39, 74.24),
(2445, 82, 44, 46.84),
(2446, 82, 67, 17.35),
(2447, 82, 92, 85.21),
(2448, 82, 19, 19.8),
(2449, 82, 2, 68.49),
(2450, 82, 11, 68.36),
(2451, 82, 72, 36.2),
(2452, 82, 93, 66.1),
(2453, 82, 94, 12.14),
(2454, 82, 48, 70.68),
(2455, 82, 36, 72.07),
(2456, 82, 49, 6.63),
(2457, 82, 22, 70.83),
(2458, 82, 31, 27.83),
(2459, 82, 62, 38.83),
(2460, 82, 18, 75.3),
(2461, 82, 98, 70.79),
(2462, 82, 12, 45.83),
(2463, 82, 47, 85.19),
(2464, 82, 32, 84.42),
(2465, 83, 107, 49.23),
(2466, 83, 34, 91.93),
(2467, 83, 7, 39.66),
(2468, 83, 53, 56.04),
(2469, 83, 102, 13.56),
(2470, 83, 36, 82.14),
(2471, 83, 118, 81.32),
(2472, 83, 77, 54.72),
(2473, 83, 54, 34.75),
(2474, 83, 104, 30.92),
(2475, 83, 50, 96.28),
(2476, 83, 90, 10.56),
(2477, 83, 81, 88.43),
(2478, 84, 69, 58.97),
(2479, 84, 6, 33.96),
(2480, 84, 36, 36.6),
(2481, 84, 71, 49.9),
(2482, 84, 25, 51.67),
(2483, 84, 87, 47.46),
(2484, 84, 40, 82.36),
(2485, 84, 113, 27.3),
(2486, 84, 70, 19.56),
(2487, 84, 60, 4.84),
(2488, 84, 109, 81.55),
(2489, 84, 57, 84.77),
(2490, 84, 83, 65.26),
(2491, 84, 61, 69.76),
(2492, 84, 85, 82.17),
(2493, 84, 33, 49.97),
(2494, 84, 73, 54.47),
(2495, 84, 86, 50.25),
(2496, 84, 106, 11.85),
(2497, 84, 16, 20.6),
(2498, 84, 105, 47.39),
(2499, 84, 68, 98.25),
(2500, 84, 43, 65.53),
(2501, 84, 96, 27.75),
(2502, 84, 67, 38.77),
(2503, 84, 92, 42.73),
(2504, 84, 103, 52.99),
(2505, 85, 67, 3.67),
(2506, 85, 9, 7.31),
(2507, 85, 68, 32.2),
(2508, 85, 110, 10.09),
(2509, 85, 34, 65.85),
(2510, 85, 54, 57.55),
(2511, 85, 96, 57.65),
(2512, 85, 63, 47.58),
(2513, 85, 7, 60.04),
(2514, 85, 37, 46.33),
(2515, 85, 56, 8.91),
(2516, 85, 57, 76.31),
(2517, 85, 18, 29.08),
(2518, 85, 42, 46.84),
(2519, 85, 117, 80.91),
(2520, 85, 115, 54.97),
(2521, 85, 47, 69.76),
(2522, 85, 23, 32.53),
(2523, 85, 24, 52.81),
(2524, 85, 3, 92.43),
(2525, 85, 112, 56.44),
(2526, 85, 19, 32.59),
(2527, 85, 16, 70.24),
(2528, 85, 77, 8.87),
(2529, 85, 90, 76.74),
(2530, 85, 73, 95.76),
(2531, 85, 58, 39.36),
(2532, 85, 78, 80.59),
(2533, 85, 13, 30.85),
(2534, 85, 118, 49.37),
(2535, 86, 70, 23.87),
(2536, 86, 61, 46.59),
(2537, 86, 96, 30.69),
(2538, 86, 65, 52.02),
(2539, 86, 27, 94.56),
(2540, 86, 79, 84.7),
(2541, 86, 88, 81.84),
(2542, 86, 60, 33.0),
(2543, 86, 117, 23.43),
(2544, 86, 114, 21.09),
(2545, 86, 50, 27.94),
(2546, 86, 56, 85.99),
(2547, 86, 81, 78.6),
(2548, 86, 29, 35.16),
(2549, 86, 26, 18.38),
(2550, 87, 60, 73.42),
(2551, 87, 89, 77.58),
(2552, 87, 102, 31.65),
(2553, 87, 5, 74.96),
(2554, 87, 2, 85.9),
(2555, 87, 118, 10.85),
(2556, 87, 113, 71.07),
(2557, 87, 7, 64.09),
(2558, 87, 68, 43.87),
(2559, 87, 44, 92.58),
(2560, 87, 3, 3.36),
(2561, 87, 91, 11.9),
(2562, 87, 37, 20.26),
(2563, 87, 87, 20.54),
(2564, 88, 80, 6.95),
(2565, 88, 98, 73.16),
(2566, 88, 8, 94.57),
(2567, 88, 54, 24.02),
(2568, 88, 106, 52.25),
(2569, 88, 1, 60.21),
(2570, 88, 48, 23.21),
(2571, 88, 99, 37.68),
(2572, 88, 65, 44.92),
(2573, 88, 62, 58.83),
(2574, 88, 60, 2.07),
(2575, 88, 32, 26.64),
(2576, 88, 37, 71.03),
(2577, 88, 41, 37.97),
(2578, 88, 4, 45.35),
(2579, 88, 11, 2.32),
(2580, 88, 93, 78.3),
(2581, 88, 12, 42.38),
(2582, 88, 10, 38.4),
(2583, 88, 31, 6.64),
(2584, 88, 52, 2.89),
(2585, 88, 24, 80.14),
(2586, 88, 51, 41.42),
(2587, 88, 49, 29.3),
(2588, 88, 67, 32.42),
(2589, 88, 66, 56.9),
(2590, 88, 28, 72.07),
(2591, 88, 64, 58.86),
(2592, 88, 27, 73.79),
(2593, 88, 77, 8.57),
(2594, 89, 93, 84.77),
(2595, 89, 88, 54.8),
(2596, 89, 36, 73.87),
(2597, 89, 110, 9.82),
(2598, 89, 37, 26.23),
(2599, 89, 58, 88.54),
(2600, 89, 102, 75.58),
(2601, 89, 95, 48.35),
(2602, 89, 99, 99.55),
(2603, 89, 100, 36.89),
(2604, 89, 86, 32.69),
(2605, 89, 63, 70.64),
(2606, 89, 114, 8.39),
(2607, 89, 78, 41.21),
(2608, 89, 53, 19.46),
(2609, 89, 23, 61.48),
(2610, 89, 50, 24.85),
(2611, 89, 19, 13.46),
(2612, 89, 31, 15.4),
(2613, 89, 48, 82.28),
(2614, 89, 5, 98.65),
(2615, 89, 116, 1.93),
(2616, 89, 105, 8.63),
(2617, 89, 28, 51.91),
(2618, 89, 35, 43.44),
(2619, 89, 38, 93.82),
(2620, 89, 66, 89.58),
(2621, 89, 68, 20.3),
(2622, 89, 46, 55.51),
(2623, 89, 98, 12.05),
(2624, 89, 29, 15.33),
(2625, 89, 101, 43.87),
(2626, 89, 75, 82.92),
(2627, 89, 3, 36.97),
(2628, 89, 96, 73.29),
(2629, 89, 9, 30.25),
(2630, 89, 7, 52.18),
(2631, 89, 39, 51.38),
(2632, 89, 11, 20.68),
(2633, 89, 103, 25.87),
(2634, 89, 112, 92.31),
(2635, 89, 82, 10.17),
(2636, 89, 16, 62.32),
(2637, 89, 15, 31.09),
(2638, 89, 108, 98.4),
(2639, 89, 49, 60.94),
(2640, 89, 89, 39.33),
(2641, 89, 20, 63.86),
(2642, 89, 107, 30.86),
(2643, 90, 86, 96.0),
(2644, 90, 87, 98.33),
(2645, 90, 20, 46.91),
(2646, 90, 62, 3.57),
(2647, 90, 2, 4.9),
(2648, 90, 97, 72.79),
(2649, 90, 17, 62.8),
(2650, 90, 7, 58.26),
(2651, 90, 96, 75.98),
(2652, 90, 49, 16.34),
(2653, 90, 92, 33.37),
(2654, 90, 26, 15.73),
(2655, 90, 11, 73.45),
(2656, 91, 87, 56.58),
(2657, 91, 102, 53.27),
(2658, 91, 77, 26.05),
(2659, 91, 44, 72.3),
(2660, 91, 28, 37.69),
(2661, 91, 9, 89.03),
(2662, 91, 68, 40.19),
(2663, 91, 25, 33.85),
(2664, 91, 58, 88.12),
(2665, 91, 109, 23.31),
(2666, 91, 73, 44.26),
(2667, 91, 81, 39.48),
(2668, 91, 115, 80.21),
(2669, 91, 46, 14.8),
(2670, 91, 64, 46.19),
(2671, 91, 40, 2.04),
(2672, 91, 3, 25.21),
(2673, 91, 67, 20.28),
(2674, 91, 116, 16.55),
(2675, 91, 32, 1.42),
(2676, 91, 112, 68.59),
(2677, 91, 39, 84.78),
(2678, 91, 62, 70.92),
(2679, 91, 74, 44.81),
(2680, 91, 57, 51.74),
(2681, 91, 26, 20.97),
(2682, 91, 114, 83.09),
(2683, 91, 7, 86.44),
(2684, 91, 104, 26.57),
(2685, 91, 1, 98.96),
(2686, 91, 23, 59.27),
(2687, 91, 60, 50.42),
(2688, 91, 36, 72.27),
(2689, 91, 14, 81.28),
(2690, 91, 86, 81.88),
(2691, 91, 70, 4.29),
(2692, 91, 37, 20.58),
(2693, 91, 17, 1.0),
(2694, 91, 65, 24.7),
(2695, 91, 101, 34.82),
(2696, 91, 5, 55.7),
(2697, 91, 56, 45.78),
(2698, 91, 103, 46.13),
(2699, 91, 106, 68.2),
(2700, 92, 61, 85.71),
(2701, 92, 99, 87.87),
(2702, 92, 85, 87.0),
(2703, 92, 6, 6.54),
(2704, 92, 83, 94.96),
(2705, 92, 86, 8.34),
(2706, 92, 14, 69.86),
(2707, 92, 33, 94.71),
(2708, 92, 3, 18.84),
(2709, 92, 54, 91.23),
(2710, 92, 107, 13.78),
(2711, 93, 7, 72.84),
(2712, 93, 69, 67.69),
(2713, 93, 58, 24.78),
(2714, 93, 86, 52.43),
(2715, 93, 99, 15.78),
(2716, 93, 39, 25.96),
(2717, 93, 31, 76.82),
(2718, 93, 38, 93.55),
(2719, 93, 41, 67.12),
(2720, 93, 29, 16.63),
(2721, 93, 71, 8.18),
(2722, 93, 92, 56.52),
(2723, 93, 110, 76.6),
(2724, 93, 9, 1.86),
(2725, 93, 67, 30.47),
(2726, 93, 89, 81.68),
(2727, 93, 47, 88.09),
(2728, 93, 102, 81.23),
(2729, 93, 64, 80.14),
(2730, 93, 25, 39.67),
(2731, 94, 75, 1.68),
(2732, 94, 47, 27.39),
(2733, 94, 87, 23.81),
(2734, 94, 28, 16.82),
(2735, 94, 8, 89.24),
(2736, 94, 63, 46.02),
(2737, 94, 97, 11.87),
(2738, 94, 91, 59.11),
(2739, 94, 61, 98.9),
(2740, 94, 114, 5.74),
(2741, 94, 14, 42.23),
(2742, 94, 106, 41.4),
(2743, 94, 29, 4.76),
(2744, 94, 90, 44.83),
(2745, 95, 13, 80.91),
(2746, 95, 59, 88.71),
(2747, 95, 85, 73.11),
(2748, 95, 46, 97.0),
(2749, 95, 77, 52.98),
(2750, 95, 11, 93.26),
(2751, 95, 97, 1.07),
(2752, 95, 16, 81.88),
(2753, 95, 87, 50.54),
(2754, 95, 34, 98.75),
(2755, 96, 74, 39.01),
(2756, 96, 18, 3.98),
(2757, 96, 72, 19.7),
(2758, 96, 47, 22.23),
(2759, 96, 68, 32.47),
(2760, 96, 22, 77.66),
(2761, 96, 103, 82.52),
(2762, 96, 42, 29.45),
(2763, 96, 55, 45.09),
(2764, 96, 4, 62.37),
(2765, 96, 8, 36.26),
(2766, 96, 77, 97.96),
(2767, 96, 96, 25.74),
(2768, 96, 38, 81.62),
(2769, 96, 44, 93.07),
(2770, 96, 21, 83.84),
(2771, 96, 104, 62.22),
(2772, 96, 60, 34.5),
(2773, 96, 54, 69.1),
(2774, 96, 43, 17.49),
(2775, 96, 108, 72.0),
(2776, 97, 9, 2.27),
(2777, 97, 99, 58.78),
(2778, 97, 60, 1.07),
(2779, 97, 72, 42.66),
(2780, 97, 10, 99.24),
(2781, 97, 42, 17.9),
(2782, 97, 22, 44.98),
(2783, 97, 113, 99.53),
(2784, 97, 90, 17.97),
(2785, 97, 88, 37.05),
(2786, 97, 96, 32.77),
(2787, 97, 14, 5.87),
(2788, 97, 27, 3.98),
(2789, 97, 26, 65.52),
(2790, 97, 58, 39.79),
(2791, 97, 98, 69.23),
(2792, 97, 25, 41.16),
(2793, 97, 38, 59.75),
(2794, 97, 3, 14.37),
(2795, 97, 8, 9.83),
(2796, 97, 67, 98.48),
(2797, 97, 69, 11.82),
(2798, 97, 46, 30.11),
(2799, 98, 22, 26.75),
(2800, 98, 91, 35.89),
(2801, 98, 47, 89.73),
(2802, 98, 41, 99.12),
(2803, 98, 63, 92.66),
(2804, 98, 46, 30.09),
(2805, 98, 87, 78.49),
(2806, 98, 54, 64.81),
(2807, 98, 74, 87.01),
(2808, 98, 75, 92.52),
(2809, 98, 27, 48.25),
(2810, 98, 26, 97.12),
(2811, 98, 25, 85.21),
(2812, 98, 112, 93.62),
(2813, 98, 109, 88.97),
(2814, 98, 111, 22.67),
(2815, 98, 88, 88.17),
(2816, 98, 52, 4.41),
(2817, 98, 32, 39.92),
(2818, 98, 44, 8.24),
(2819, 98, 93, 92.59),
(2820, 98, 23, 26.89),
(2821, 98, 105, 57.69),
(2822, 98, 65, 45.15),
(2823, 98, 82, 3.07),
(2824, 98, 9, 27.77),
(2825, 98, 45, 43.07),
(2826, 98, 36, 79.23),
(2827, 98, 76, 33.71),
(2828, 98, 14, 14.52),
(2829, 98, 38, 51.33),
(2830, 98, 29, 41.09),
(2831, 98, 18, 3.79),
(2832, 98, 79, 28.12),
(2833, 98, 68, 53.49),
(2834, 98, 113, 14.57),
(2835, 98, 73, 10.62),
(2836, 98, 100, 90.12),
(2837, 98, 72, 72.12),
(2838, 98, 86, 41.68),
(2839, 98, 55, 88.27),
(2840, 99, 3, 94.62),
(2841, 99, 15, 73.41),
(2842, 99, 98, 15.01),
(2843, 99, 84, 65.28),
(2844, 99, 51, 99.47),
(2845, 99, 18, 44.96),
(2846, 99, 17, 32.89),
(2847, 99, 61, 27.61),
(2848, 99, 59, 32.84),
(2849, 99, 60, 13.8),
(2850, 99, 16, 85.87),
(2851, 99, 55, 11.43),
(2852, 99, 41, 11.5),
(2853, 99, 19, 58.57),
(2854, 99, 116, 13.96),
(2855, 99, 50, 84.15),
(2856, 99, 53, 64.16),
(2857, 99, 65, 57.77),
(2858, 99, 45, 29.67),
(2859, 99, 14, 13.85),
(2860, 99, 89, 90.27),
(2861, 99, 13, 57.18),
(2862, 99, 58, 36.7),
(2863, 99, 9, 84.6),
(2864, 99, 21, 84.86),
(2865, 99, 31, 13.9),
(2866, 99, 75, 85.46),
(2867, 99, 44, 50.51),
(2868, 99, 78, 12.27),
(2869, 99, 2, 95.28),
(2870, 100, 111, 73.29),
(2871, 100, 11, 11.0),
(2872, 100, 56, 34.5),
(2873, 100, 83, 30.04),
(2874, 100, 40, 58.11),
(2875, 100, 35, 52.26),
(2876, 100, 38, 67.41),
(2877, 100, 77, 4.6),
(2878, 100, 55, 22.43),
(2879, 100, 22, 8.31),
(2880, 100, 100, 3.62),
(2881, 100, 105, 55.36),
(2882, 100, 106, 81.11),
(2883, 100, 112, 28.63),
(2884, 100, 33, 59.07),
(2885, 100, 2, 32.98),
(2886, 100, 85, 76.83),
(2887, 100, 9, 74.27),
(2888, 100, 18, 91.25),
(2889, 100, 47, 45.43),
(2890, 100, 60, 98.17),
(2891, 100, 43, 79.21),
(2892, 100, 1, 40.75),
(2893, 100, 54, 52.76),
(2894, 100, 59, 68.78),
(2895, 100, 14, 27.72),
(2896, 100, 4, 16.7),
(2897, 100, 70, 91.83),
(2898, 100, 78, 27.1),
(2899, 100, 63, 7.96),
(2900, 100, 109, 78.97),
(2901, 100, 117, 97.28),
(2902, 100, 57, 63.52),
(2903, 100, 49, 64.71),
(2904, 101, 96, 89.33),
(2905, 101, 24, 56.86),
(2906, 101, 4, 9.18),
(2907, 101, 10, 19.24),
(2908, 101, 50, 59.93),
(2909, 101, 79, 41.72),
(2910, 101, 92, 25.78),
(2911, 101, 64, 65.85),
(2912, 101, 42, 54.03),
(2913, 101, 82, 30.14),
(2914, 101, 9, 72.23),
(2915, 101, 5, 8.48),
(2916, 101, 26, 55.88),
(2917, 101, 55, 55.92),
(2918, 101, 76, 84.65),
(2919, 101, 107, 90.07),
(2920, 101, 28, 9.42),
(2921, 101, 6, 96.52),
(2922, 101, 40, 20.44),
(2923, 101, 104, 47.15),
(2924, 101, 89, 36.62),
(2925, 101, 102, 29.71),
(2926, 101, 98, 66.0),
(2927, 101, 20, 26.87),
(2928, 101, 75, 17.26),
(2929, 101, 60, 13.94),
(2930, 101, 13, 67.06),
(2931, 101, 80, 72.55),
(2932, 101, 47, 55.14),
(2933, 101, 2, 98.49),
(2934, 101, 73, 38.62),
(2935, 101, 115, 4.49),
(2936, 101, 97, 74.15),
(2937, 101, 18, 96.44),
(2938, 101, 43, 58.34),
(2939, 101, 3, 10.81),
(2940, 101, 66, 71.33),
(2941, 101, 85, 13.82),
(2942, 101, 71, 95.12),
(2943, 101, 109, 4.96),
(2944, 102, 54, 63.96),
(2945, 102, 71, 6.64),
(2946, 102, 6, 33.65),
(2947, 102, 53, 34.63),
(2948, 102, 101, 44.62),
(2949, 102, 50, 86.13),
(2950, 102, 31, 68.39),
(2951, 102, 41, 35.58),
(2952, 102, 76, 14.68),
(2953, 102, 11, 67.85),
(2954, 102, 30, 28.1),
(2955, 102, 88, 33.53),
(2956, 102, 1, 29.56),
(2957, 102, 75, 79.11),
(2958, 102, 28, 6.61),
(2959, 102, 73, 42.91),
(2960, 102, 22, 61.9),
(2961, 102, 84, 26.98),
(2962, 102, 23, 4.64),
(2963, 102, 10, 84.73),
(2964, 102, 79, 79.87),
(2965, 102, 60, 13.84),
(2966, 102, 78, 98.43),
(2967, 102, 118, 31.42),
(2968, 102, 8, 3.82),
(2969, 102, 25, 14.84),
(2970, 102, 20, 45.97),
(2971, 102, 37, 39.46),
(2972, 102, 39, 68.84),
(2973, 102, 43, 19.23),
(2974, 102, 7, 96.27),
(2975, 102, 13, 59.26),
(2976, 102, 95, 32.57),
(2977, 102, 47, 11.14),
(2978, 102, 55, 13.54),
(2979, 102, 4, 14.35),
(2980, 102, 16, 82.76),
(2981, 102, 92, 2.26),
(2982, 102, 19, 25.2),
(2983, 102, 98, 15.05),
(2984, 102, 74, 94.49),
(2985, 102, 9, 86.15),
(2986, 102, 48, 27.01),
(2987, 102, 81, 61.27),
(2988, 102, 36, 96.45),
(2989, 102, 40, 90.73),
(2990, 102, 112, 8.41),
(2991, 103, 54, 33.52),
(2992, 103, 89, 5.21),
(2993, 103, 72, 8.9),
(2994, 103, 66, 13.84),
(2995, 103, 51, 6.06),
(2996, 103, 87, 36.49),
(2997, 103, 9, 89.07),
(2998, 103, 14, 49.72),
(2999, 103, 65, 2.85),
(3000, 103, 49, 35.68),
(3001, 103, 6, 52.27),
(3002, 103, 94, 68.46),
(3003, 103, 59, 80.66),
(3004, 103, 115, 55.53),
(3005, 103, 107, 74.13),
(3006, 103, 39, 85.74),
(3007, 103, 4, 5.15),
(3008, 103, 57, 89.44),
(3009, 103, 42, 16.14),
(3010, 103, 29, 1.98),
(3011, 103, 109, 4.62),
(3012, 103, 21, 95.81),
(3013, 103, 93, 74.43),
(3014, 103, 118, 5.88),
(3015, 103, 68, 92.58),
(3016, 103, 22, 12.17),
(3017, 103, 74, 52.39),
(3018, 103, 30, 58.58),
(3019, 103, 116, 8.98),
(3020, 103, 27, 42.56),
(3021, 103, 102, 60.65),
(3022, 103, 15, 61.62),
(3023, 103, 97, 96.89),
(3024, 103, 79, 77.93),
(3025, 103, 106, 23.89),
(3026, 103, 100, 93.15),
(3027, 103, 83, 44.92),
(3028, 103, 77, 93.11),
(3029, 103, 38, 93.33),
(3030, 103, 31, 82.11),
(3031, 103, 84, 43.6),
(3032, 103, 26, 99.68),
(3033, 103, 45, 77.74),
(3034, 103, 53, 52.12),
(3035, 103, 73, 36.52),
(3036, 103, 91, 13.04),
(3037, 103, 90, 43.4),
(3038, 103, 55, 29.9),
(3039, 103, 2, 4.5),
(3040, 104, 112, 60.49),
(3041, 104, 71, 29.67),
(3042, 104, 94, 85.14),
(3043, 104, 63, 64.95),
(3044, 104, 12, 86.89),
(3045, 104, 102, 56.51),
(3046, 104, 27, 18.9),
(3047, 104, 21, 11.75),
(3048, 104, 107, 58.17),
(3049, 104, 17, 28.56),
(3050, 104, 99, 76.7),
(3051, 104, 55, 71.29),
(3052, 104, 20, 59.1),
(3053, 104, 88, 53.69),
(3054, 104, 68, 43.56),
(3055, 104, 104, 25.52),
(3056, 104, 31, 7.52),
(3057, 104, 58, 51.24),
(3058, 104, 28, 2.77),
(3059, 104, 33, 91.04),
(3060, 104, 110, 12.18),
(3061, 104, 86, 56.18),
(3062, 104, 75, 91.77),
(3063, 104, 85, 9.98),
(3064, 104, 114, 79.36),
(3065, 104, 54, 85.93),
(3066, 104, 101, 66.63),
(3067, 104, 97, 91.68),
(3068, 104, 9, 73.53),
(3069, 104, 45, 69.14),
(3070, 104, 82, 66.94),
(3071, 104, 95, 27.82),
(3072, 104, 78, 29.17),
(3073, 104, 79, 27.0),
(3074, 104, 47, 25.28),
(3075, 104, 115, 44.94),
(3076, 104, 118, 62.35),
(3077, 104, 18, 73.94),
(3078, 104, 53, 89.32),
(3079, 104, 29, 45.02),
(3080, 104, 81, 74.77),
(3081, 104, 50, 53.88),
(3082, 104, 42, 25.28),
(3083, 104, 84, 57.84),
(3084, 104, 59, 31.44),
(3085, 104, 49, 48.47),
(3086, 104, 90, 67.17),
(3087, 104, 8, 48.35),
(3088, 104, 34, 39.88),
(3089, 105, 52, 45.88),
(3090, 105, 82, 56.68),
(3091, 105, 42, 39.47),
(3092, 105, 35, 4.43),
(3093, 105, 115, 55.74),
(3094, 105, 58, 24.43),
(3095, 105, 56, 98.37),
(3096, 105, 10, 67.86),
(3097, 105, 3, 72.54),
(3098, 105, 74, 21.41),
(3099, 105, 101, 26.79),
(3100, 105, 29, 69.95),
(3101, 105, 112, 38.84),
(3102, 105, 20, 15.44),
(3103, 105, 69, 14.28),
(3104, 105, 65, 5.32),
(3105, 105, 18, 76.19),
(3106, 105, 55, 83.5),
(3107, 105, 9, 96.78),
(3108, 105, 16, 53.32),
(3109, 105, 28, 73.39),
(3110, 105, 73, 14.98),
(3111, 105, 23, 54.46),
(3112, 105, 94, 57.62),
(3113, 105, 32, 42.42),
(3114, 105, 68, 29.42),
(3115, 105, 50, 85.84),
(3116, 105, 113, 99.51),
(3117, 105, 51, 2.96),
(3118, 105, 84, 13.49),
(3119, 105, 77, 2.59),
(3120, 105, 105, 68.25),
(3121, 105, 99, 51.2),
(3122, 105, 25, 89.4),
(3123, 105, 12, 69.83),
(3124, 105, 24, 14.56),
(3125, 105, 66, 94.32),
(3126, 105, 37, 41.85),
(3127, 105, 4, 11.08),
(3128, 105, 91, 85.93),
(3129, 105, 104, 39.37),
(3130, 105, 14, 87.97),
(3131, 105, 13, 77.18),
(3132, 105, 89, 66.7),
(3133, 105, 48, 4.64),
(3134, 105, 118, 21.02),
(3135, 105, 38, 17.59),
(3136, 106, 55, 76.69),
(3137, 106, 64, 78.78),
(3138, 106, 68, 9.04),
(3139, 106, 9, 37.5),
(3140, 106, 63, 57.18),
(3141, 106, 61, 25.83),
(3142, 106, 76, 53.4),
(3143, 106, 1, 38.15),
(3144, 106, 94, 71.36),
(3145, 106, 74, 70.42),
(3146, 106, 97, 2.14),
(3147, 106, 18, 87.03),
(3148, 106, 42, 56.75),
(3149, 106, 26, 83.91),
(3150, 106, 101, 54.47),
(3151, 106, 62, 92.76),
(3152, 107, 11, 18.88),
(3153, 107, 54, 28.1),
(3154, 107, 74, 45.67),
(3155, 107, 99, 88.27),
(3156, 107, 56, 10.79),
(3157, 107, 90, 97.0),
(3158, 107, 6, 48.76),
(3159, 107, 89, 54.11),
(3160, 107, 86, 65.94),
(3161, 107, 14, 76.13),
(3162, 107, 16, 36.37),
(3163, 107, 77, 98.53),
(3164, 107, 108, 69.77),
(3165, 107, 107, 17.82),
(3166, 107, 71, 66.13),
(3167, 107, 76, 10.66),
(3168, 107, 27, 70.88),
(3169, 107, 64, 59.86),
(3170, 107, 8, 20.54),
(3171, 107, 19, 79.59),
(3172, 108, 48, 29.06),
(3173, 108, 45, 31.0),
(3174, 108, 32, 46.38),
(3175, 108, 77, 67.5),
(3176, 108, 24, 39.0),
(3177, 108, 111, 19.3),
(3178, 108, 47, 58.36),
(3179, 108, 63, 81.45),
(3180, 108, 86, 67.36),
(3181, 108, 18, 85.74),
(3182, 108, 88, 33.65),
(3183, 108, 61, 7.17),
(3184, 108, 117, 96.91),
(3185, 108, 104, 50.07),
(3186, 108, 116, 81.33),
(3187, 108, 90, 33.27),
(3188, 108, 37, 61.45),
(3189, 108, 99, 73.88),
(3190, 108, 69, 79.27),
(3191, 108, 21, 5.22),
(3192, 108, 85, 76.3),
(3193, 108, 36, 28.49),
(3194, 108, 70, 87.63),
(3195, 108, 44, 58.31),
(3196, 108, 67, 90.75),
(3197, 108, 62, 21.64),
(3198, 108, 15, 28.95),
(3199, 108, 33, 18.05),
(3200, 108, 103, 50.28),
(3201, 108, 94, 14.53),
(3202, 108, 84, 89.12),
(3203, 108, 82, 83.5),
(3204, 108, 96, 22.38),
(3205, 108, 106, 65.24),
(3206, 108, 2, 8.72),
(3207, 108, 113, 23.71),
(3208, 108, 12, 68.42),
(3209, 108, 52, 49.3),
(3210, 108, 83, 96.45),
(3211, 108, 6, 62.25),
(3212, 108, 78, 66.44),
(3213, 108, 14, 36.3),
(3214, 108, 50, 43.79),
(3215, 108, 110, 4.57),
(3216, 108, 7, 74.16),
(3217, 108, 19, 9.52),
(3218, 108, 108, 46.86),
(3219, 108, 93, 22.92),
(3220, 108, 76, 4.24),
(3221, 108, 64, 98.55),
(3222, 109, 40, 44.32),
(3223, 109, 37, 44.11),
(3224, 109, 13, 72.19),
(3225, 109, 64, 31.09),
(3226, 109, 94, 69.9),
(3227, 109, 55, 66.29),
(3228, 109, 33, 21.6),
(3229, 109, 69, 63.41),
(3230, 109, 86, 50.59),
(3231, 109, 20, 55.83),
(3232, 109, 26, 7.36),
(3233, 109, 113, 33.37),
(3234, 109, 85, 44.69),
(3235, 109, 34, 46.41),
(3236, 109, 96, 98.44),
(3237, 109, 112, 74.74),
(3238, 110, 50, 41.65),
(3239, 110, 53, 75.82),
(3240, 110, 104, 77.08),
(3241, 110, 82, 47.8),
(3242, 110, 58, 40.18),
(3243, 110, 111, 45.88),
(3244, 110, 19, 12.25),
(3245, 110, 84, 93.6),
(3246, 110, 10, 9.99),
(3247, 110, 41, 35.5),
(3248, 110, 64, 71.49),
(3249, 110, 18, 4.35),
(3250, 110, 100, 81.15),
(3251, 110, 107, 42.65),
(3252, 111, 75, 82.23),
(3253, 111, 86, 28.74),
(3254, 111, 42, 59.31),
(3255, 111, 118, 25.39),
(3256, 111, 41, 31.41),
(3257, 111, 24, 99.72),
(3258, 111, 101, 47.11),
(3259, 111, 106, 26.61),
(3260, 111, 90, 78.68),
(3261, 111, 14, 20.26),
(3262, 111, 82, 73.82),
(3263, 111, 96, 74.96),
(3264, 111, 28, 24.87),
(3265, 111, 79, 40.04),
(3266, 111, 83, 89.87),
(3267, 111, 26, 89.57),
(3268, 111, 36, 35.97),
(3269, 111, 60, 50.96),
(3270, 111, 113, 63.11),
(3271, 111, 64, 77.91),
(3272, 111, 43, 71.61),
(3273, 111, 80, 64.16),
(3274, 111, 58, 88.3),
(3275, 111, 110, 92.61),
(3276, 111, 67, 30.61),
(3277, 111, 35, 2.59),
(3278, 111, 7, 85.83),
(3279, 111, 91, 4.98),
(3280, 111, 8, 40.74),
(3281, 111, 6, 47.13),
(3282, 111, 81, 4.49),
(3283, 111, 40, 22.49),
(3284, 111, 74, 12.47),
(3285, 111, 94, 18.04),
(3286, 111, 72, 98.65),
(3287, 111, 51, 48.61),
(3288, 111, 116, 49.76),
(3289, 111, 48, 39.54),
(3290, 112, 13, 14.45),
(3291, 112, 56, 5.17),
(3292, 112, 66, 88.38),
(3293, 112, 18, 35.09),
(3294, 112, 3, 12.37),
(3295, 112, 89, 71.41),
(3296, 112, 90, 37.05),
(3297, 112, 19, 10.04),
(3298, 112, 8, 86.63),
(3299, 112, 87, 35.11),
(3300, 112, 22, 8.62),
(3301, 113, 1, 18.9),
(3302, 113, 99, 8.24),
(3303, 113, 68, 38.27),
(3304, 113, 94, 34.24),
(3305, 113, 31, 51.03),
(3306, 113, 25, 20.68),
(3307, 113, 112, 33.97),
(3308, 113, 5, 26.94),
(3309, 113, 98, 26.14),
(3310, 113, 106, 12.97),
(3311, 113, 115, 80.97),
(3312, 113, 74, 57.23),
(3313, 113, 50, 77.51),
(3314, 113, 92, 84.34),
(3315, 113, 114, 55.73),
(3316, 113, 87, 72.12),
(3317, 113, 35, 8.46),
(3318, 113, 105, 6.33),
(3319, 113, 53, 71.38),
(3320, 113, 20, 41.78),
(3321, 113, 89, 89.0),
(3322, 113, 88, 58.87),
(3323, 113, 42, 58.27),
(3324, 113, 62, 77.32),
(3325, 113, 30, 92.75),
(3326, 113, 28, 3.73),
(3327, 113, 84, 36.21),
(3328, 113, 14, 47.83),
(3329, 113, 76, 89.4),
(3330, 113, 101, 6.36),
(3331, 113, 19, 97.28),
(3332, 113, 111, 21.52),
(3333, 114, 95, 8.3),
(3334, 114, 86, 97.94),
(3335, 114, 40, 68.0),
(3336, 114, 99, 42.68),
(3337, 114, 44, 16.95),
(3338, 114, 76, 23.44),
(3339, 114, 39, 45.64),
(3340, 114, 49, 24.03),
(3341, 114, 111, 81.86),
(3342, 114, 94, 61.66),
(3343, 114, 38, 27.39),
(3344, 114, 81, 92.89),
(3345, 114, 77, 33.46),
(3346, 114, 66, 57.54),
(3347, 114, 37, 19.02),
(3348, 114, 42, 42.18),
(3349, 114, 79, 30.2),
(3350, 114, 69, 30.91),
(3351, 114, 82, 97.47),
(3352, 114, 5, 22.64),
(3353, 115, 87, 27.17),
(3354, 115, 103, 13.12),
(3355, 115, 61, 74.55),
(3356, 115, 67, 23.29),
(3357, 115, 76, 96.07),
(3358, 115, 86, 89.82),
(3359, 115, 42, 29.22),
(3360, 115, 117, 90.05),
(3361, 115, 80, 71.13),
(3362, 115, 98, 17.11),
(3363, 115, 47, 40.86),
(3364, 115, 40, 43.99),
(3365, 115, 84, 53.61),
(3366, 115, 79, 8.84),
(3367, 115, 46, 98.44),
(3368, 115, 30, 57.95),
(3369, 115, 29, 73.05),
(3370, 115, 52, 68.59),
(3371, 115, 93, 53.37),
(3372, 115, 34, 31.07),
(3373, 115, 17, 8.04),
(3374, 115, 5, 60.15),
(3375, 115, 112, 13.78),
(3376, 115, 6, 59.34),
(3377, 115, 58, 91.49),
(3378, 115, 9, 2.74),
(3379, 115, 43, 77.26),
(3380, 115, 20, 59.96),
(3381, 115, 69, 8.7),
(3382, 115, 73, 55.14),
(3383, 115, 59, 44.07),
(3384, 115, 54, 36.08),
(3385, 115, 31, 84.6),
(3386, 115, 57, 2.87),
(3387, 115, 2, 56.57),
(3388, 115, 118, 52.3),
(3389, 115, 72, 38.84),
(3390, 115, 105, 29.51),
(3391, 115, 51, 27.29),
(3392, 115, 7, 24.18),
(3393, 115, 102, 50.59),
(3394, 115, 39, 34.12),
(3395, 115, 3, 38.57),
(3396, 116, 14, 73.54),
(3397, 116, 112, 62.18),
(3398, 116, 51, 52.64),
(3399, 116, 55, 69.91),
(3400, 116, 66, 64.72),
(3401, 116, 78, 78.15),
(3402, 116, 41, 83.46),
(3403, 116, 47, 58.47),
(3404, 116, 33, 30.28),
(3405, 116, 92, 7.58),
(3406, 116, 108, 81.78),
(3407, 116, 93, 24.61),
(3408, 116, 100, 71.44),
(3409, 116, 15, 31.44),
(3410, 117, 11, 11.85),
(3411, 117, 70, 84.84),
(3412, 117, 98, 10.23),
(3413, 117, 55, 87.2),
(3414, 117, 57, 93.37),
(3415, 117, 62, 89.91),
(3416, 117, 36, 53.17),
(3417, 117, 23, 27.8),
(3418, 117, 6, 73.14),
(3419, 117, 59, 92.86),
(3420, 117, 94, 85.87),
(3421, 117, 110, 37.58),
(3422, 117, 97, 96.36),
(3423, 117, 71, 58.82),
(3424, 117, 82, 7.61),
(3425, 117, 80, 60.03),
(3426, 117, 32, 75.18),
(3427, 117, 17, 10.39),
(3428, 117, 46, 90.39),
(3429, 117, 54, 39.58),
(3430, 117, 10, 21.15),
(3431, 117, 86, 74.97),
(3432, 117, 75, 60.35),
(3433, 117, 99, 19.0),
(3434, 117, 95, 41.22),
(3435, 117, 88, 58.81),
(3436, 117, 34, 64.59),
(3437, 117, 61, 82.33),
(3438, 117, 74, 84.67),
(3439, 118, 15, 52.13),
(3440, 118, 80, 97.49),
(3441, 118, 19, 89.23),
(3442, 118, 96, 37.97),
(3443, 118, 75, 80.97),
(3444, 118, 81, 60.1),
(3445, 118, 47, 57.62),
(3446, 118, 29, 28.59),
(3447, 118, 55, 24.8),
(3448, 118, 58, 93.12),
(3449, 118, 107, 7.33),
(3450, 118, 115, 39.16),
(3451, 118, 53, 53.72),
(3452, 118, 78, 44.75),
(3453, 118, 52, 83.92),
(3454, 118, 21, 25.22),
(3455, 118, 49, 66.14),
(3456, 118, 38, 7.21),
(3457, 119, 82, 30.05),
(3458, 119, 115, 65.22),
(3459, 119, 30, 32.46),
(3460, 119, 28, 54.74),
(3461, 119, 17, 61.84),
(3462, 119, 112, 2.22),
(3463, 119, 75, 95.6),
(3464, 119, 69, 44.14),
(3465, 119, 21, 59.33),
(3466, 119, 78, 99.52),
(3467, 119, 61, 28.88),
(3468, 119, 12, 26.22),
(3469, 119, 92, 97.32),
(3470, 119, 13, 49.46),
(3471, 119, 83, 8.64),
(3472, 119, 9, 71.12),
(3473, 119, 43, 87.11),
(3474, 119, 109, 33.8),
(3475, 119, 94, 87.38),
(3476, 119, 32, 32.13),
(3477, 119, 58, 75.69),
(3478, 119, 39, 40.79),
(3479, 119, 99, 21.0),
(3480, 119, 54, 2.73),
(3481, 119, 5, 9.42),
(3482, 119, 45, 89.38),
(3483, 119, 107, 79.24),
(3484, 119, 42, 25.45),
(3485, 120, 1, 77.27),
(3486, 120, 104, 98.32),
(3487, 120, 68, 83.94),
(3488, 120, 83, 89.0),
(3489, 120, 6, 25.64),
(3490, 120, 101, 87.58),
(3491, 120, 84, 93.66),
(3492, 120, 74, 8.01),
(3493, 120, 47, 13.13),
(3494, 120, 20, 29.66),
(3495, 120, 35, 77.83),
(3496, 120, 53, 85.31),
(3497, 120, 51, 48.7),
(3498, 120, 50, 43.12),
(3499, 120, 66, 33.88),
(3500, 120, 109, 2.77),
(3501, 120, 39, 90.92),
(3502, 120, 16, 56.28),
(3503, 120, 38, 58.18),
(3504, 120, 76, 62.54),
(3505, 120, 108, 44.42),
(3506, 120, 21, 89.43),
(3507, 120, 26, 33.4),
(3508, 120, 2, 89.19),
(3509, 120, 42, 78.02),
(3510, 120, 3, 94.76),
(3511, 120, 79, 17.27),
(3512, 120, 86, 8.37),
(3513, 120, 41, 23.68),
(3514, 120, 72, 78.21),
(3515, 120, 112, 84.86),
(3516, 120, 12, 53.6),
(3517, 120, 77, 80.23),
(3518, 120, 85, 32.79),
(3519, 120, 67, 16.98),
(3520, 120, 97, 37.31),
(3521, 120, 52, 52.34),
(3522, 120, 93, 7.79),
(3523, 121, 79, 62.22),
(3524, 121, 8, 48.97),
(3525, 121, 117, 20.04),
(3526, 121, 110, 82.04),
(3527, 121, 104, 50.75),
(3528, 121, 40, 20.94),
(3529, 121, 82, 66.25),
(3530, 121, 52, 31.25),
(3531, 121, 30, 40.77),
(3532, 121, 116, 44.28),
(3533, 121, 109, 85.76),
(3534, 121, 14, 18.46),
(3535, 121, 97, 59.62),
(3536, 121, 50, 35.1),
(3537, 121, 29, 86.42),
(3538, 121, 66, 78.69),
(3539, 122, 19, 75.98),
(3540, 122, 6, 74.42),
(3541, 122, 31, 48.48),
(3542, 122, 114, 77.87),
(3543, 122, 35, 50.51),
(3544, 122, 25, 7.68),
(3545, 122, 36, 6.26),
(3546, 122, 92, 25.71),
(3547, 122, 69, 26.22),
(3548, 122, 97, 24.34),
(3549, 122, 3, 19.96),
(3550, 122, 24, 67.65),
(3551, 122, 87, 34.9),
(3552, 122, 27, 73.57),
(3553, 122, 106, 94.31),
(3554, 122, 23, 50.93),
(3555, 122, 26, 62.87),
(3556, 122, 47, 3.92),
(3557, 122, 39, 81.42),
(3558, 122, 21, 89.88),
(3559, 122, 81, 35.81),
(3560, 122, 48, 20.26),
(3561, 122, 45, 28.8),
(3562, 122, 72, 18.81),
(3563, 122, 79, 60.23),
(3564, 122, 94, 60.01),
(3565, 122, 86, 73.47),
(3566, 122, 65, 50.74),
(3567, 122, 73, 83.9),
(3568, 122, 12, 97.22),
(3569, 122, 32, 81.54),
(3570, 122, 4, 48.14),
(3571, 122, 50, 46.94),
(3572, 122, 14, 5.97),
(3573, 122, 30, 83.57),
(3574, 122, 1, 21.68),
(3575, 122, 116, 87.87),
(3576, 122, 74, 78.62),
(3577, 122, 83, 11.53),
(3578, 122, 10, 48.92),
(3579, 122, 52, 1.14),
(3580, 122, 11, 30.07),
(3581, 122, 105, 7.71),
(3582, 122, 84, 4.27),
(3583, 123, 47, 67.77),
(3584, 123, 116, 23.37),
(3585, 123, 25, 44.34),
(3586, 123, 73, 80.08),
(3587, 123, 70, 21.1),
(3588, 123, 30, 57.17),
(3589, 123, 50, 80.35),
(3590, 123, 91, 19.63),
(3591, 123, 21, 70.29),
(3592, 123, 10, 25.17),
(3593, 123, 3, 39.89),
(3594, 123, 18, 97.24),
(3595, 123, 9, 68.29),
(3596, 123, 69, 80.76),
(3597, 123, 68, 86.41),
(3598, 123, 52, 11.7),
(3599, 123, 38, 94.65),
(3600, 123, 72, 37.54),
(3601, 123, 63, 34.79),
(3602, 123, 114, 50.82),
(3603, 123, 2, 18.55),
(3604, 123, 22, 10.17),
(3605, 123, 23, 13.72),
(3606, 123, 101, 58.65),
(3607, 123, 42, 95.34),
(3608, 123, 100, 54.98),
(3609, 123, 1, 48.7),
(3610, 123, 85, 23.28),
(3611, 123, 13, 83.6),
(3612, 123, 113, 27.74),
(3613, 123, 83, 68.11),
(3614, 123, 51, 74.47),
(3615, 123, 102, 38.63),
(3616, 123, 57, 16.69),
(3617, 123, 16, 17.48),
(3618, 123, 92, 81.36),
(3619, 123, 67, 40.53),
(3620, 123, 96, 32.74),
(3621, 123, 111, 16.89),
(3622, 123, 49, 54.89),
(3623, 124, 100, 88.64),
(3624, 124, 66, 60.08),
(3625, 124, 58, 47.06),
(3626, 124, 55, 13.88),
(3627, 124, 23, 58.18),
(3628, 124, 91, 9.27),
(3629, 124, 111, 42.55),
(3630, 124, 97, 91.17),
(3631, 124, 45, 23.93),
(3632, 124, 87, 77.04),
(3633, 125, 50, 2.25),
(3634, 125, 67, 9.4),
(3635, 125, 72, 10.31),
(3636, 125, 99, 2.71),
(3637, 125, 116, 3.42),
(3638, 125, 19, 45.16),
(3639, 125, 14, 9.46),
(3640, 125, 74, 68.03),
(3641, 125, 82, 74.08),
(3642, 125, 66, 84.98),
(3643, 125, 112, 97.78),
(3644, 125, 8, 94.16),
(3645, 125, 33, 11.68),
(3646, 126, 71, 60.89),
(3647, 126, 5, 52.19),
(3648, 126, 25, 38.1),
(3649, 126, 69, 56.43),
(3650, 126, 83, 73.22),
(3651, 126, 22, 45.79),
(3652, 126, 88, 47.69),
(3653, 126, 26, 5.84),
(3654, 126, 80, 70.44),
(3655, 126, 63, 56.2),
(3656, 126, 2, 29.08),
(3657, 126, 70, 88.91),
(3658, 126, 11, 39.8),
(3659, 126, 106, 50.71),
(3660, 126, 107, 57.48),
(3661, 126, 36, 25.64),
(3662, 126, 59, 7.76),
(3663, 126, 97, 31.32),
(3664, 126, 39, 76.1),
(3665, 126, 104, 29.26),
(3666, 126, 89, 20.67),
(3667, 126, 65, 20.48),
(3668, 126, 51, 4.57),
(3669, 126, 24, 23.32),
(3670, 126, 53, 58.6),
(3671, 126, 16, 30.29),
(3672, 126, 101, 6.08),
(3673, 126, 15, 51.59),
(3674, 126, 38, 33.13),
(3675, 126, 67, 65.97),
(3676, 126, 23, 18.21),
(3677, 126, 58, 4.95),
(3678, 126, 46, 82.09),
(3679, 126, 17, 8.04),
(3680, 126, 40, 41.9),
(3681, 126, 99, 60.41),
(3682, 126, 44, 87.17),
(3683, 126, 37, 58.2),
(3684, 126, 8, 29.49),
(3685, 126, 14, 66.24),
(3686, 126, 111, 66.86),
(3687, 126, 6, 90.62),
(3688, 127, 107, 78.09),
(3689, 127, 59, 95.96),
(3690, 127, 44, 93.69),
(3691, 127, 94, 44.6),
(3692, 127, 3, 36.94),
(3693, 127, 112, 69.81),
(3694, 127, 96, 37.3),
(3695, 127, 68, 77.1),
(3696, 127, 101, 48.5),
(3697, 127, 23, 38.22),
(3698, 127, 56, 86.36),
(3699, 127, 83, 8.96),
(3700, 127, 60, 15.58),
(3701, 127, 89, 93.9),
(3702, 127, 47, 60.36),
(3703, 127, 86, 47.25),
(3704, 127, 14, 99.83),
(3705, 127, 115, 96.8),
(3706, 127, 84, 40.68),
(3707, 127, 5, 53.88),
(3708, 127, 74, 91.71),
(3709, 127, 85, 74.55),
(3710, 127, 117, 88.01),
(3711, 127, 55, 98.68),
(3712, 127, 17, 53.37),
(3713, 127, 40, 72.72),
(3714, 128, 72, 25.24),
(3715, 128, 68, 35.91),
(3716, 128, 31, 42.67),
(3717, 128, 12, 39.22),
(3718, 128, 26, 2.77),
(3719, 128, 82, 9.15),
(3720, 128, 45, 55.26),
(3721, 128, 57, 96.75),
(3722, 128, 91, 54.27),
(3723, 128, 54, 13.01),
(3724, 128, 34, 57.31),
(3725, 129, 12, 20.38),
(3726, 129, 41, 34.86),
(3727, 129, 87, 64.99),
(3728, 129, 71, 82.81),
(3729, 129, 51, 93.04),
(3730, 129, 34, 85.44),
(3731, 129, 59, 80.82),
(3732, 129, 7, 96.1),
(3733, 129, 106, 57.4),
(3734, 129, 39, 29.92),
(3735, 129, 110, 80.81),
(3736, 129, 62, 86.22),
(3737, 129, 60, 96.51),
(3738, 129, 58, 5.13),
(3739, 129, 36, 57.22),
(3740, 129, 84, 45.24),
(3741, 129, 111, 20.97),
(3742, 129, 118, 44.69),
(3743, 129, 43, 1.27),
(3744, 129, 16, 38.73),
(3745, 129, 67, 6.05),
(3746, 129, 115, 27.98),
(3747, 129, 112, 82.47),
(3748, 129, 47, 16.29),
(3749, 129, 94, 12.66),
(3750, 129, 70, 62.41),
(3751, 129, 31, 37.14),
(3752, 129, 2, 30.2),
(3753, 129, 10, 72.5),
(3754, 129, 45, 6.75),
(3755, 129, 52, 4.96),
(3756, 129, 30, 36.87),
(3757, 129, 46, 93.17),
(3758, 130, 9, 68.51),
(3759, 130, 13, 19.64),
(3760, 130, 63, 54.98),
(3761, 130, 67, 47.59),
(3762, 130, 40, 53.47),
(3763, 130, 97, 73.21),
(3764, 130, 56, 28.48),
(3765, 130, 103, 99.22),
(3766, 130, 30, 7.8),
(3767, 130, 88, 20.2),
(3768, 130, 47, 44.33),
(3769, 130, 10, 5.64),
(3770, 130, 52, 88.97),
(3771, 130, 80, 56.39),
(3772, 130, 81, 29.02),
(3773, 130, 118, 4.7),
(3774, 130, 116, 16.67),
(3775, 130, 21, 13.76),
(3776, 130, 12, 92.6),
(3777, 130, 2, 64.02),
(3778, 130, 43, 15.32),
(3779, 130, 29, 88.44),
(3780, 130, 79, 66.74),
(3781, 130, 5, 6.12),
(3782, 130, 18, 3.93),
(3783, 130, 75, 10.36),
(3784, 130, 72, 80.16),
(3785, 130, 51, 17.94),
(3786, 130, 89, 47.97),
(3787, 131, 94, 8.89),
(3788, 131, 46, 24.84),
(3789, 131, 80, 66.48),
(3790, 131, 27, 42.53),
(3791, 131, 86, 88.52),
(3792, 131, 2, 34.3),
(3793, 131, 29, 90.59),
(3794, 131, 18, 2.63),
(3795, 131, 13, 50.88),
(3796, 131, 40, 44.06),
(3797, 131, 111, 84.9),
(3798, 131, 61, 13.28),
(3799, 131, 30, 92.5),
(3800, 131, 108, 9.6),
(3801, 131, 36, 40.08),
(3802, 131, 44, 18.14),
(3803, 131, 118, 21.52),
(3804, 131, 47, 83.24),
(3805, 131, 88, 57.79),
(3806, 131, 48, 16.54),
(3807, 131, 53, 12.29),
(3808, 131, 84, 91.22),
(3809, 131, 63, 11.93),
(3810, 131, 1, 70.36),
(3811, 131, 10, 89.9),
(3812, 131, 7, 33.26),
(3813, 131, 62, 59.23),
(3814, 131, 21, 31.88),
(3815, 131, 54, 77.47),
(3816, 131, 97, 79.56),
(3817, 131, 76, 64.79),
(3818, 131, 66, 75.99),
(3819, 132, 65, 75.36),
(3820, 132, 93, 76.41),
(3821, 132, 62, 86.56),
(3822, 132, 89, 79.25),
(3823, 132, 55, 15.51),
(3824, 132, 117, 87.74),
(3825, 132, 110, 12.5),
(3826, 132, 113, 39.72),
(3827, 132, 76, 36.35),
(3828, 132, 14, 71.44),
(3829, 132, 70, 61.62),
(3830, 132, 59, 24.99),
(3831, 132, 11, 53.09),
(3832, 132, 87, 57.79),
(3833, 132, 35, 73.83),
(3834, 132, 24, 15.82),
(3835, 132, 13, 72.71),
(3836, 132, 64, 81.59),
(3837, 132, 9, 83.55),
(3838, 132, 56, 40.2),
(3839, 132, 75, 32.02),
(3840, 133, 105, 99.02),
(3841, 133, 21, 48.86),
(3842, 133, 118, 32.34),
(3843, 133, 46, 89.55),
(3844, 133, 78, 26.22),
(3845, 133, 89, 22.66),
(3846, 133, 101, 6.48),
(3847, 133, 92, 57.63),
(3848, 133, 42, 99.94),
(3849, 133, 57, 98.15),
(3850, 133, 9, 40.96),
(3851, 133, 1, 42.05),
(3852, 133, 110, 85.89),
(3853, 133, 38, 77.5),
(3854, 133, 35, 2.97),
(3855, 133, 114, 25.92),
(3856, 133, 81, 65.85),
(3857, 133, 88, 26.97),
(3858, 133, 66, 87.86),
(3859, 133, 83, 92.61),
(3860, 133, 15, 3.53),
(3861, 133, 98, 6.01),
(3862, 133, 19, 50.96),
(3863, 133, 41, 36.08),
(3864, 133, 10, 39.88),
(3865, 133, 23, 69.92),
(3866, 133, 97, 30.55),
(3867, 133, 93, 98.68),
(3868, 133, 108, 51.39),
(3869, 133, 22, 53.69),
(3870, 133, 53, 3.17),
(3871, 133, 69, 18.1),
(3872, 133, 104, 84.88),
(3873, 133, 73, 91.78),
(3874, 133, 4, 16.16),
(3875, 133, 11, 22.93),
(3876, 133, 72, 48.63),
(3877, 133, 79, 90.99),
(3878, 133, 113, 41.91),
(3879, 133, 34, 14.24),
(3880, 133, 91, 18.43),
(3881, 133, 86, 66.78),
(3882, 133, 13, 84.71),
(3883, 133, 74, 14.45),
(3884, 133, 14, 62.32),
(3885, 134, 65, 8.22),
(3886, 134, 61, 32.05),
(3887, 134, 83, 79.54),
(3888, 134, 115, 17.51),
(3889, 134, 78, 4.29),
(3890, 134, 94, 91.05),
(3891, 134, 67, 3.23),
(3892, 134, 77, 18.72),
(3893, 134, 50, 30.94),
(3894, 134, 13, 39.78),
(3895, 134, 63, 79.38),
(3896, 134, 47, 95.21),
(3897, 134, 114, 8.82),
(3898, 134, 18, 70.93),
(3899, 134, 99, 26.06),
(3900, 134, 76, 56.56),
(3901, 134, 64, 81.12),
(3902, 134, 37, 68.68),
(3903, 134, 95, 92.77),
(3904, 134, 12, 89.22),
(3905, 134, 54, 46.87),
(3906, 134, 5, 56.59),
(3907, 134, 70, 35.97),
(3908, 134, 52, 55.69),
(3909, 134, 24, 74.57),
(3910, 134, 100, 99.47),
(3911, 134, 2, 8.43),
(3912, 134, 26, 52.03),
(3913, 134, 36, 26.15),
(3914, 134, 33, 49.08),
(3915, 134, 45, 53.45),
(3916, 134, 25, 32.51),
(3917, 134, 84, 27.54),
(3918, 134, 74, 63.28),
(3919, 134, 30, 3.8),
(3920, 134, 109, 32.53),
(3921, 134, 62, 20.92),
(3922, 134, 101, 92.09),
(3923, 134, 35, 89.87),
(3924, 134, 15, 82.71),
(3925, 134, 41, 61.32),
(3926, 134, 90, 50.23),
(3927, 135, 110, 36.33),
(3928, 135, 95, 66.55),
(3929, 135, 98, 98.83),
(3930, 135, 80, 15.63),
(3931, 135, 8, 26.62),
(3932, 135, 74, 58.28),
(3933, 135, 60, 53.17),
(3934, 135, 113, 2.69),
(3935, 135, 20, 21.86),
(3936, 135, 105, 11.63),
(3937, 135, 9, 13.89),
(3938, 135, 108, 12.36),
(3939, 135, 5, 66.9),
(3940, 135, 55, 50.21),
(3941, 135, 93, 77.18),
(3942, 135, 97, 63.64),
(3943, 135, 104, 19.65),
(3944, 135, 41, 55.75),
(3945, 135, 59, 10.66),
(3946, 135, 66, 61.36),
(3947, 135, 32, 12.18),
(3948, 135, 100, 48.56),
(3949, 135, 29, 38.33),
(3950, 135, 94, 55.44),
(3951, 135, 78, 56.45),
(3952, 135, 77, 83.91),
(3953, 135, 49, 57.29),
(3954, 135, 24, 47.97),
(3955, 135, 79, 19.85),
(3956, 135, 87, 33.17),
(3957, 135, 56, 73.92),
(3958, 135, 109, 65.72),
(3959, 135, 45, 22.29),
(3960, 135, 31, 99.86),
(3961, 135, 65, 43.74),
(3962, 135, 7, 64.09),
(3963, 135, 16, 95.92),
(3964, 135, 88, 61.95),
(3965, 135, 40, 61.83),
(3966, 135, 62, 2.81),
(3967, 135, 23, 99.26),
(3968, 135, 70, 52.59),
(3969, 135, 21, 10.93),
(3970, 135, 83, 11.72),
(3971, 135, 33, 51.27),
(3972, 135, 34, 1.49),
(3973, 135, 2, 74.47),
(3974, 135, 76, 57.57),
(3975, 135, 114, 63.0),
(3976, 136, 77, 62.71),
(3977, 136, 33, 59.07),
(3978, 136, 72, 33.35),
(3979, 136, 117, 9.23),
(3980, 136, 74, 18.88),
(3981, 136, 42, 51.63),
(3982, 136, 20, 26.74),
(3983, 136, 101, 9.05),
(3984, 136, 2, 40.6),
(3985, 136, 94, 28.72),
(3986, 136, 58, 38.81),
(3987, 136, 32, 54.95),
(3988, 137, 104, 79.53),
(3989, 137, 31, 59.93),
(3990, 137, 39, 44.08),
(3991, 137, 109, 91.87),
(3992, 137, 90, 89.23),
(3993, 137, 72, 12.98),
(3994, 137, 94, 23.53),
(3995, 137, 5, 41.84),
(3996, 137, 76, 61.36),
(3997, 137, 95, 94.05),
(3998, 138, 117, 64.94),
(3999, 138, 12, 6.24),
(4000, 138, 81, 95.27),
(4001, 138, 10, 17.96),
(4002, 138, 73, 67.33),
(4003, 138, 13, 67.49),
(4004, 138, 50, 25.87),
(4005, 138, 116, 8.32),
(4006, 138, 26, 59.9),
(4007, 138, 48, 9.16),
(4008, 139, 82, 17.01),
(4009, 139, 50, 53.55),
(4010, 139, 18, 75.12),
(4011, 139, 96, 64.73),
(4012, 139, 66, 59.67),
(4013, 139, 13, 43.83),
(4014, 139, 56, 8.98),
(4015, 139, 2, 65.82),
(4016, 139, 90, 29.34),
(4017, 139, 20, 52.47),
(4018, 139, 48, 27.82),
(4019, 139, 42, 81.76),
(4020, 139, 77, 56.19),
(4021, 139, 79, 22.98),
(4022, 139, 44, 80.64),
(4023, 139, 102, 3.98),
(4024, 139, 24, 25.05),
(4025, 139, 53, 68.38),
(4026, 139, 62, 9.54),
(4027, 139, 110, 95.12),
(4028, 140, 74, 48.39),
(4029, 140, 47, 55.12),
(4030, 140, 21, 20.43),
(4031, 140, 73, 75.61),
(4032, 140, 60, 75.66),
(4033, 140, 97, 85.21),
(4034, 140, 6, 73.56),
(4035, 140, 70, 84.83),
(4036, 140, 55, 94.22),
(4037, 140, 103, 84.96),
(4038, 140, 118, 15.21),
(4039, 140, 3, 11.87),
(4040, 140, 88, 17.0),
(4041, 140, 15, 86.25),
(4042, 140, 58, 57.12),
(4043, 140, 8, 26.63),
(4044, 141, 39, 95.57),
(4045, 141, 114, 61.1),
(4046, 141, 3, 64.5),
(4047, 141, 76, 90.26),
(4048, 141, 101, 81.49),
(4049, 141, 90, 45.51),
(4050, 141, 24, 22.49),
(4051, 141, 87, 72.15),
(4052, 141, 102, 38.47),
(4053, 141, 71, 98.54),
(4054, 141, 91, 25.16),
(4055, 142, 110, 3.3),
(4056, 142, 101, 40.43),
(4057, 142, 109, 54.1),
(4058, 142, 59, 11.89),
(4059, 142, 93, 72.33),
(4060, 142, 70, 45.69),
(4061, 142, 30, 61.48),
(4062, 142, 117, 91.57),
(4063, 142, 16, 61.87),
(4064, 142, 1, 96.32),
(4065, 142, 52, 50.52),
(4066, 142, 91, 72.06),
(4067, 142, 31, 53.21),
(4068, 142, 28, 7.76),
(4069, 142, 36, 88.98),
(4070, 142, 6, 30.81),
(4071, 142, 104, 47.41),
(4072, 142, 33, 32.22),
(4073, 142, 17, 20.78),
(4074, 142, 53, 32.88),
(4075, 142, 75, 70.62),
(4076, 142, 34, 81.64),
(4077, 142, 3, 26.96),
(4078, 142, 23, 69.7),
(4079, 142, 4, 45.73),
(4080, 142, 41, 72.34),
(4081, 142, 83, 14.32),
(4082, 142, 106, 55.89),
(4083, 142, 5, 54.81),
(4084, 142, 42, 85.46),
(4085, 142, 40, 84.92),
(4086, 142, 11, 99.8),
(4087, 142, 78, 12.39),
(4088, 142, 48, 37.62),
(4089, 142, 50, 2.97),
(4090, 142, 81, 16.57),
(4091, 142, 55, 68.22),
(4092, 142, 85, 17.17),
(4093, 142, 82, 10.32),
(4094, 142, 32, 38.16),
(4095, 142, 54, 51.54),
(4096, 142, 61, 88.23),
(4097, 143, 91, 49.96),
(4098, 143, 100, 69.66),
(4099, 143, 7, 83.67),
(4100, 143, 8, 40.92),
(4101, 143, 59, 87.16),
(4102, 143, 24, 9.41),
(4103, 143, 69, 14.17),
(4104, 143, 44, 42.97),
(4105, 143, 23, 34.26),
(4106, 143, 78, 93.45),
(4107, 143, 101, 5.33),
(4108, 143, 86, 25.24),
(4109, 143, 37, 63.89),
(4110, 143, 49, 11.76),
(4111, 143, 12, 3.74),
(4112, 144, 34, 59.01),
(4113, 144, 17, 92.45),
(4114, 144, 72, 38.33),
(4115, 144, 2, 57.51),
(4116, 144, 74, 99.24),
(4117, 144, 60, 46.65),
(4118, 144, 62, 39.24),
(4119, 144, 98, 32.75),
(4120, 144, 36, 95.99),
(4121, 144, 55, 97.21),
(4122, 144, 28, 84.01),
(4123, 144, 79, 95.98),
(4124, 144, 104, 4.35),
(4125, 144, 95, 17.7),
(4126, 144, 18, 60.93),
(4127, 144, 65, 75.44),
(4128, 144, 106, 70.19),
(4129, 144, 8, 59.55),
(4130, 144, 38, 48.08),
(4131, 144, 64, 96.89),
(4132, 144, 1, 30.55),
(4133, 144, 37, 61.29),
(4134, 144, 58, 42.97),
(4135, 144, 88, 8.57),
(4136, 144, 46, 79.15),
(4137, 144, 116, 23.48),
(4138, 144, 85, 12.04),
(4139, 144, 81, 83.05),
(4140, 144, 91, 4.01),
(4141, 144, 15, 51.6),
(4142, 144, 70, 21.77),
(4143, 144, 44, 17.66),
(4144, 144, 10, 64.44),
(4145, 144, 19, 71.09),
(4146, 144, 90, 76.05),
(4147, 144, 47, 90.86),
(4148, 144, 29, 50.67),
(4149, 144, 117, 60.87),
(4150, 144, 49, 58.02),
(4151, 144, 109, 92.88),
(4152, 144, 20, 33.3),
(4153, 144, 12, 87.47),
(4154, 144, 105, 17.28),
(4155, 144, 96, 32.78),
(4156, 145, 85, 88.84),
(4157, 145, 45, 65.14),
(4158, 145, 55, 27.86),
(4159, 145, 65, 91.36),
(4160, 145, 10, 90.44),
(4161, 145, 56, 79.73),
(4162, 145, 28, 81.21),
(4163, 145, 84, 94.25),
(4164, 145, 71, 9.76),
(4165, 145, 96, 93.76),
(4166, 145, 69, 5.65),
(4167, 145, 102, 39.81),
(4168, 145, 2, 42.38),
(4169, 145, 12, 19.07),
(4170, 145, 19, 82.53),
(4171, 145, 50, 22.86),
(4172, 145, 18, 26.24),
(4173, 145, 51, 44.47),
(4174, 145, 44, 95.63),
(4175, 145, 46, 92.23),
(4176, 145, 7, 44.4),
(4177, 145, 100, 81.74),
(4178, 145, 89, 48.93),
(4179, 145, 72, 23.66),
(4180, 145, 115, 65.23),
(4181, 145, 116, 83.72),
(4182, 145, 29, 45.01),
(4183, 145, 17, 55.69),
(4184, 145, 112, 6.53),
(4185, 145, 34, 83.89),
(4186, 145, 33, 28.74),
(4187, 145, 78, 91.54),
(4188, 145, 11, 80.7),
(4189, 145, 35, 70.74),
(4190, 145, 53, 93.55),
(4191, 145, 107, 31.9),
(4192, 145, 27, 13.53),
(4193, 145, 109, 70.89),
(4194, 145, 80, 56.62),
(4195, 145, 58, 93.81),
(4196, 145, 24, 90.68),
(4197, 145, 87, 58.1),
(4198, 145, 38, 62.37),
(4199, 145, 64, 45.77),
(4200, 145, 36, 60.93),
(4201, 145, 94, 28.03),
(4202, 145, 4, 69.94),
(4203, 145, 52, 90.68),
(4204, 145, 117, 52.95),
(4205, 145, 98, 42.86),
(4206, 146, 81, 39.93),
(4207, 146, 71, 54.37),
(4208, 146, 106, 17.01),
(4209, 146, 28, 74.06),
(4210, 146, 3, 98.28),
(4211, 146, 4, 50.44),
(4212, 146, 51, 61.85),
(4213, 146, 9, 55.5),
(4214, 146, 116, 81.93),
(4215, 146, 117, 27.62),
(4216, 146, 35, 71.66),
(4217, 146, 88, 54.72),
(4218, 146, 65, 97.55),
(4219, 146, 76, 71.94),
(4220, 146, 41, 11.8),
(4221, 146, 32, 88.13),
(4222, 146, 109, 21.95),
(4223, 146, 98, 95.2),
(4224, 146, 26, 84.15),
(4225, 146, 67, 94.69),
(4226, 146, 37, 99.95),
(4227, 146, 43, 61.2),
(4228, 146, 24, 76.01),
(4229, 146, 1, 32.6),
(4230, 146, 97, 36.72),
(4231, 146, 118, 29.86),
(4232, 146, 2, 31.68),
(4233, 146, 47, 69.18),
(4234, 146, 96, 69.27),
(4235, 146, 75, 55.15),
(4236, 146, 94, 17.75),
(4237, 146, 31, 19.89),
(4238, 146, 46, 96.13),
(4239, 146, 66, 33.83),
(4240, 146, 82, 23.12),
(4241, 146, 60, 98.49),
(4242, 146, 77, 12.46),
(4243, 146, 95, 73.13),
(4244, 146, 103, 7.24),
(4245, 146, 12, 7.63),
(4246, 146, 63, 62.08),
(4247, 146, 29, 95.73),
(4248, 146, 57, 93.77),
(4249, 146, 36, 22.01),
(4250, 146, 14, 22.89),
(4251, 146, 33, 33.41),
(4252, 146, 93, 19.58),
(4253, 146, 42, 76.78),
(4254, 146, 115, 53.33),
(4255, 147, 9, 42.24),
(4256, 147, 108, 44.28),
(4257, 147, 115, 87.12),
(4258, 147, 91, 51.9),
(4259, 147, 7, 69.74),
(4260, 147, 57, 85.27),
(4261, 147, 21, 29.65),
(4262, 147, 114, 96.92),
(4263, 147, 95, 90.83),
(4264, 147, 44, 53.53),
(4265, 147, 45, 94.76),
(4266, 147, 13, 88.71),
(4267, 147, 46, 48.97),
(4268, 147, 65, 60.38),
(4269, 147, 76, 67.65),
(4270, 148, 51, 48.13),
(4271, 148, 38, 90.06),
(4272, 148, 98, 75.68),
(4273, 148, 96, 47.76),
(4274, 148, 55, 91.18),
(4275, 148, 50, 13.37),
(4276, 148, 33, 24.54),
(4277, 148, 76, 48.11),
(4278, 148, 59, 88.45),
(4279, 148, 5, 59.02),
(4280, 148, 8, 86.04),
(4281, 148, 64, 98.64),
(4282, 148, 24, 30.99),
(4283, 148, 62, 50.54),
(4284, 148, 116, 41.6),
(4285, 148, 12, 3.95),
(4286, 148, 57, 5.34),
(4287, 148, 107, 21.87),
(4288, 148, 27, 17.74),
(4289, 148, 117, 32.31),
(4290, 148, 77, 5.19),
(4291, 148, 17, 69.9),
(4292, 148, 114, 39.51),
(4293, 148, 20, 72.29),
(4294, 148, 28, 90.7),
(4295, 148, 78, 63.25),
(4296, 148, 101, 88.37),
(4297, 148, 92, 38.45),
(4298, 148, 39, 85.15),
(4299, 148, 99, 79.3),
(4300, 148, 19, 64.8),
(4301, 148, 1, 23.32),
(4302, 148, 41, 9.7),
(4303, 149, 113, 78.21),
(4304, 149, 47, 33.49),
(4305, 149, 53, 44.15),
(4306, 149, 104, 65.97),
(4307, 149, 36, 93.64),
(4308, 149, 20, 98.68),
(4309, 149, 38, 2.07),
(4310, 149, 73, 54.14),
(4311, 149, 62, 4.7),
(4312, 149, 44, 1.19),
(4313, 150, 49, 52.97),
(4314, 150, 63, 86.23),
(4315, 150, 30, 41.86),
(4316, 150, 26, 32.77),
(4317, 150, 19, 62.41),
(4318, 150, 104, 91.09),
(4319, 150, 111, 62.59),
(4320, 150, 69, 69.27),
(4321, 150, 35, 60.66),
(4322, 150, 72, 92.73),
(4323, 150, 117, 97.08),
(4324, 150, 18, 20.41),
(4325, 150, 42, 87.82),
(4326, 150, 16, 9.86),
(4327, 150, 52, 37.07),
(4328, 150, 65, 1.2),
(4329, 150, 43, 37.11),
(4330, 150, 6, 66.9),
(4331, 150, 3, 41.57),
(4332, 150, 48, 75.8),
(4333, 150, 106, 27.9),
(4334, 150, 27, 71.97),
(4335, 150, 4, 25.93),
(4336, 150, 56, 69.37),
(4337, 150, 112, 58.76),
(4338, 150, 116, 98.27),
(4339, 150, 17, 48.88),
(4340, 150, 57, 47.03),
(4341, 150, 1, 61.4),
(4342, 150, 108, 20.21),
(4343, 150, 47, 13.92),
(4344, 150, 84, 36.74),
(4345, 150, 20, 22.03),
(4346, 150, 87, 89.16),
(4347, 150, 74, 2.57),
(4348, 151, 2, 40.9),
(4349, 151, 33, 77.23),
(4350, 151, 88, 50.79),
(4351, 151, 113, 90.58),
(4352, 151, 40, 10.53),
(4353, 151, 43, 55.42),
(4354, 151, 110, 13.81),
(4355, 151, 59, 31.96),
(4356, 151, 11, 18.25),
(4357, 151, 95, 62.92),
(4358, 151, 57, 68.53),
(4359, 151, 116, 80.04),
(4360, 151, 77, 25.64),
(4361, 151, 36, 57.57),
(4362, 152, 83, 14.9),
(4363, 152, 112, 29.86),
(4364, 152, 115, 83.56),
(4365, 152, 35, 10.59),
(4366, 152, 24, 8.48),
(4367, 152, 37, 29.61),
(4368, 152, 98, 28.86),
(4369, 152, 36, 13.8),
(4370, 152, 118, 26.62),
(4371, 152, 12, 40.53),
(4372, 152, 113, 81.07),
(4373, 152, 99, 49.02),
(4374, 152, 20, 78.38),
(4375, 152, 76, 16.43),
(4376, 152, 9, 18.22),
(4377, 152, 10, 36.41),
(4378, 152, 26, 19.86),
(4379, 152, 106, 54.99),
(4380, 152, 104, 85.92),
(4381, 152, 66, 62.77),
(4382, 152, 74, 48.2),
(4383, 152, 13, 37.58),
(4384, 152, 90, 1.78),
(4385, 152, 108, 5.5),
(4386, 152, 4, 1.4),
(4387, 152, 101, 14.33),
(4388, 152, 50, 99.94),
(4389, 152, 43, 92.81),
(4390, 152, 89, 7.58),
(4391, 152, 2, 19.18),
(4392, 152, 51, 43.94),
(4393, 152, 88, 79.12),
(4394, 152, 23, 20.77),
(4395, 152, 30, 78.13),
(4396, 152, 78, 73.86),
(4397, 152, 42, 28.13),
(4398, 152, 64, 92.27),
(4399, 152, 28, 39.3),
(4400, 152, 81, 53.15),
(4401, 152, 110, 83.34),
(4402, 152, 84, 92.94),
(4403, 152, 14, 85.49),
(4404, 152, 69, 81.54),
(4405, 152, 80, 11.49),
(4406, 152, 15, 27.44),
(4407, 152, 117, 94.85),
(4408, 152, 73, 39.7),
(4409, 152, 94, 68.47),
(4410, 152, 91, 27.75),
(4411, 152, 18, 66.29),
(4412, 153, 108, 74.19),
(4413, 153, 82, 4.76),
(4414, 153, 105, 21.97),
(4415, 153, 68, 21.78),
(4416, 153, 44, 15.49),
(4417, 153, 89, 15.66),
(4418, 153, 6, 32.74),
(4419, 153, 5, 58.15),
(4420, 153, 18, 23.62),
(4421, 153, 16, 84.59),
(4422, 153, 71, 43.83),
(4423, 153, 39, 34.32),
(4424, 153, 24, 93.83),
(4425, 153, 115, 35.57),
(4426, 153, 28, 96.48),
(4427, 153, 36, 28.25),
(4428, 153, 84, 21.63),
(4429, 153, 112, 74.31),
(4430, 153, 57, 94.76),
(4431, 153, 8, 8.17),
(4432, 153, 15, 66.71),
(4433, 153, 103, 4.59),
(4434, 153, 75, 52.1),
(4435, 153, 58, 90.62),
(4436, 153, 55, 70.31),
(4437, 153, 56, 83.06),
(4438, 153, 43, 80.12),
(4439, 153, 66, 64.61),
(4440, 154, 51, 78.11),
(4441, 154, 41, 28.09),
(4442, 154, 7, 56.1),
(4443, 154, 33, 51.76),
(4444, 154, 50, 23.34),
(4445, 154, 91, 53.19),
(4446, 154, 95, 42.03),
(4447, 154, 67, 51.79),
(4448, 154, 4, 88.68),
(4449, 154, 18, 45.75),
(4450, 154, 42, 6.73),
(4451, 154, 97, 24.77),
(4452, 154, 29, 6.34),
(4453, 154, 59, 82.62),
(4454, 154, 35, 87.02),
(4455, 154, 25, 83.89),
(4456, 154, 100, 64.57),
(4457, 154, 43, 80.11),
(4458, 154, 74, 20.45),
(4459, 154, 45, 3.99),
(4460, 154, 106, 67.32),
(4461, 154, 36, 32.62),
(4462, 154, 107, 11.5),
(4463, 154, 84, 65.37),
(4464, 154, 9, 64.05),
(4465, 154, 81, 50.39),
(4466, 154, 105, 31.57),
(4467, 154, 6, 66.17),
(4468, 154, 80, 59.73),
(4469, 154, 93, 33.96),
(4470, 154, 117, 35.28),
(4471, 154, 44, 41.92),
(4472, 154, 65, 68.33),
(4473, 154, 23, 72.57),
(4474, 154, 92, 55.6),
(4475, 154, 47, 6.67),
(4476, 154, 28, 14.08),
(4477, 154, 68, 40.34),
(4478, 154, 53, 84.9),
(4479, 154, 99, 76.04),
(4480, 154, 12, 24.26),
(4481, 154, 98, 89.3),
(4482, 154, 82, 9.08),
(4483, 154, 26, 22.62),
(4484, 154, 49, 36.02),
(4485, 154, 108, 79.63),
(4486, 154, 40, 66.51),
(4487, 154, 101, 91.93),
(4488, 154, 17, 71.95),
(4489, 154, 87, 36.58),
(4490, 155, 13, 39.27),
(4491, 155, 25, 45.22),
(4492, 155, 46, 25.73),
(4493, 155, 67, 15.64),
(4494, 155, 37, 28.09),
(4495, 155, 107, 23.9),
(4496, 155, 20, 85.98),
(4497, 155, 106, 20.39),
(4498, 155, 30, 46.5),
(4499, 155, 71, 86.41),
(4500, 155, 97, 98.8),
(4501, 155, 89, 45.91),
(4502, 155, 33, 50.03),
(4503, 155, 94, 91.95),
(4504, 155, 68, 47.21),
(4505, 155, 85, 49.16),
(4506, 156, 43, 28.34),
(4507, 156, 108, 72.68),
(4508, 156, 18, 82.22),
(4509, 156, 49, 97.1),
(4510, 156, 16, 72.5),
(4511, 156, 31, 8.18),
(4512, 156, 77, 58.28),
(4513, 156, 37, 20.57),
(4514, 156, 47, 30.65),
(4515, 156, 104, 10.27),
(4516, 156, 9, 1.93),
(4517, 156, 107, 21.86),
(4518, 156, 116, 26.58),
(4519, 156, 95, 99.8),
(4520, 156, 12, 34.64),
(4521, 156, 33, 74.11),
(4522, 156, 42, 88.03),
(4523, 156, 91, 34.86),
(4524, 156, 66, 30.56),
(4525, 156, 61, 6.45),
(4526, 156, 26, 20.63),
(4527, 156, 45, 71.04),
(4528, 156, 85, 99.25),
(4529, 156, 67, 86.86),
(4530, 157, 73, 70.1),
(4531, 157, 22, 26.45),
(4532, 157, 38, 65.67),
(4533, 157, 35, 67.83),
(4534, 157, 108, 32.62),
(4535, 157, 75, 72.76),
(4536, 157, 79, 25.51),
(4537, 157, 115, 28.82),
(4538, 157, 58, 22.85),
(4539, 157, 64, 83.18),
(4540, 157, 106, 93.06),
(4541, 157, 47, 47.01),
(4542, 157, 7, 2.56),
(4543, 157, 103, 21.45),
(4544, 157, 63, 90.06),
(4545, 157, 24, 57.76),
(4546, 157, 56, 44.77),
(4547, 157, 78, 43.01),
(4548, 157, 53, 42.22),
(4549, 158, 106, 53.99),
(4550, 158, 62, 56.5),
(4551, 158, 99, 63.45),
(4552, 158, 8, 54.65),
(4553, 158, 100, 26.23),
(4554, 158, 22, 49.95),
(4555, 158, 107, 97.25),
(4556, 158, 15, 29.27),
(4557, 158, 47, 79.86),
(4558, 158, 109, 88.06),
(4559, 158, 63, 34.38),
(4560, 158, 89, 32.55),
(4561, 158, 34, 35.53),
(4562, 158, 90, 58.27),
(4563, 158, 57, 26.91),
(4564, 158, 75, 48.22),
(4565, 158, 81, 53.5),
(4566, 158, 19, 42.61),
(4567, 158, 52, 68.13),
(4568, 158, 94, 14.43),
(4569, 158, 26, 22.98),
(4570, 158, 45, 92.66),
(4571, 158, 113, 34.6),
(4572, 158, 16, 75.53),
(4573, 158, 96, 37.63),
(4574, 158, 40, 8.54),
(4575, 158, 97, 48.25),
(4576, 158, 93, 52.39),
(4577, 158, 74, 24.2),
(4578, 158, 84, 60.55),
(4579, 158, 101, 97.01),
(4580, 158, 11, 87.93),
(4581, 158, 114, 32.9),
(4582, 159, 41, 81.34),
(4583, 159, 2, 72.58),
(4584, 159, 76, 85.33),
(4585, 159, 16, 5.69),
(4586, 159, 101, 7.99),
(4587, 159, 114, 1.13),
(4588, 159, 104, 71.53),
(4589, 159, 18, 30.54),
(4590, 159, 67, 20.56),
(4591, 159, 74, 69.21),
(4592, 159, 110, 22.72),
(4593, 159, 82, 36.4),
(4594, 159, 95, 64.43),
(4595, 159, 49, 24.36),
(4596, 159, 52, 54.75),
(4597, 159, 77, 83.63),
(4598, 159, 15, 65.43),
(4599, 159, 33, 55.35),
(4600, 159, 14, 10.26),
(4601, 159, 59, 12.86),
(4602, 159, 85, 47.47),
(4603, 159, 45, 9.39),
(4604, 160, 116, 87.22),
(4605, 160, 21, 25.8),
(4606, 160, 6, 38.46),
(4607, 160, 94, 58.43),
(4608, 160, 64, 14.32),
(4609, 160, 57, 27.26),
(4610, 160, 32, 22.14),
(4611, 160, 4, 5.2),
(4612, 160, 92, 14.27),
(4613, 160, 42, 26.97),
(4614, 160, 112, 12.9),
(4615, 160, 40, 59.87),
(4616, 160, 111, 85.27),
(4617, 160, 99, 99.14),
(4618, 160, 78, 52.1),
(4619, 160, 39, 64.08),
(4620, 160, 46, 67.15),
(4621, 160, 66, 15.23),
(4622, 160, 115, 61.23),
(4623, 160, 23, 8.75),
(4624, 160, 53, 47.19),
(4625, 160, 89, 47.1),
(4626, 160, 72, 86.49),
(4627, 160, 104, 76.26),
(4628, 160, 37, 17.57),
(4629, 160, 62, 28.07),
(4630, 160, 29, 18.19),
(4631, 160, 47, 13.03),
(4632, 160, 76, 81.9),
(4633, 160, 101, 25.12),
(4634, 160, 5, 12.91),
(4635, 161, 107, 49.31),
(4636, 161, 88, 42.32),
(4637, 161, 105, 54.1),
(4638, 161, 8, 26.18),
(4639, 161, 32, 71.36),
(4640, 161, 60, 73.89),
(4641, 161, 16, 22.8),
(4642, 161, 6, 45.09),
(4643, 161, 90, 43.62),
(4644, 161, 75, 89.97),
(4645, 161, 27, 66.28),
(4646, 161, 112, 36.05),
(4647, 162, 114, 20.29),
(4648, 162, 117, 12.02),
(4649, 162, 72, 20.61),
(4650, 162, 65, 90.03),
(4651, 162, 67, 92.64),
(4652, 162, 62, 22.76),
(4653, 162, 104, 72.75),
(4654, 162, 25, 30.79),
(4655, 162, 73, 49.52),
(4656, 162, 1, 98.02),
(4657, 162, 29, 36.18),
(4658, 162, 12, 73.43),
(4659, 162, 113, 74.94),
(4660, 162, 56, 80.65),
(4661, 162, 118, 23.71),
(4662, 162, 81, 17.72),
(4663, 162, 93, 59.25),
(4664, 162, 52, 30.61),
(4665, 162, 38, 80.49),
(4666, 162, 22, 75.17),
(4667, 162, 46, 56.73),
(4668, 162, 86, 78.73),
(4669, 162, 24, 2.11),
(4670, 162, 69, 33.77),
(4671, 162, 36, 72.35),
(4672, 162, 18, 14.38),
(4673, 162, 49, 3.8),
(4674, 162, 31, 55.49),
(4675, 162, 48, 33.63),
(4676, 162, 92, 57.19),
(4677, 163, 1, 30.24),
(4678, 163, 35, 68.26),
(4679, 163, 96, 62.58),
(4680, 163, 77, 93.61),
(4681, 163, 64, 94.25),
(4682, 163, 48, 62.8),
(4683, 163, 85, 66.16),
(4684, 163, 8, 69.91),
(4685, 163, 92, 77.71),
(4686, 163, 37, 72.38),
(4687, 163, 46, 31.16),
(4688, 163, 24, 46.53),
(4689, 163, 89, 59.22),
(4690, 163, 71, 77.18),
(4691, 163, 111, 97.18),
(4692, 163, 32, 25.55),
(4693, 163, 115, 82.04),
(4694, 163, 94, 99.79),
(4695, 163, 45, 60.77),
(4696, 163, 60, 41.54),
(4697, 163, 79, 26.64),
(4698, 163, 84, 48.2),
(4699, 163, 80, 69.53),
(4700, 163, 42, 45.29),
(4701, 163, 7, 61.3),
(4702, 163, 15, 26.05),
(4703, 163, 9, 28.2),
(4704, 163, 93, 39.48),
(4705, 163, 109, 86.94),
(4706, 163, 51, 4.68),
(4707, 163, 23, 90.91),
(4708, 163, 104, 30.25),
(4709, 163, 49, 45.88),
(4710, 163, 87, 66.58),
(4711, 163, 52, 75.73),
(4712, 163, 70, 76.65),
(4713, 163, 117, 83.26),
(4714, 163, 57, 9.14),
(4715, 163, 41, 77.36),
(4716, 164, 43, 8.06),
(4717, 164, 117, 48.28),
(4718, 164, 88, 81.83),
(4719, 164, 56, 40.9),
(4720, 164, 83, 11.58),
(4721, 164, 14, 18.25),
(4722, 164, 25, 57.57),
(4723, 164, 96, 86.22),
(4724, 164, 11, 94.92),
(4725, 164, 44, 19.63),
(4726, 164, 4, 85.02),
(4727, 164, 31, 70.24),
(4728, 164, 71, 94.85),
(4729, 164, 23, 35.62),
(4730, 164, 60, 84.14),
(4731, 164, 116, 24.1),
(4732, 164, 61, 13.26),
(4733, 164, 26, 10.52),
(4734, 164, 15, 11.74),
(4735, 164, 53, 91.95),
(4736, 164, 98, 97.95),
(4737, 164, 63, 97.81),
(4738, 164, 12, 22.28),
(4739, 164, 85, 12.42),
(4740, 164, 54, 66.78),
(4741, 164, 118, 72.54),
(4742, 164, 30, 92.07),
(4743, 164, 62, 17.24),
(4744, 164, 38, 30.61),
(4745, 164, 74, 37.77),
(4746, 164, 101, 53.52),
(4747, 164, 51, 49.46),
(4748, 164, 33, 32.48),
(4749, 164, 107, 54.09),
(4750, 164, 103, 71.28),
(4751, 164, 36, 44.88),
(4752, 164, 99, 66.25),
(4753, 164, 9, 66.83),
(4754, 164, 68, 97.86),
(4755, 164, 108, 95.08),
(4756, 164, 95, 78.94),
(4757, 164, 2, 16.89),
(4758, 164, 94, 40.19),
(4759, 164, 5, 67.47),
(4760, 165, 75, 12.25),
(4761, 165, 3, 11.57),
(4762, 165, 103, 10.15),
(4763, 165, 105, 60.43),
(4764, 165, 12, 60.2),
(4765, 165, 59, 85.18),
(4766, 165, 80, 38.38),
(4767, 165, 50, 23.3),
(4768, 165, 29, 10.74),
(4769, 165, 19, 72.29),
(4770, 165, 118, 18.78),
(4771, 165, 47, 5.88),
(4772, 165, 60, 52.41),
(4773, 165, 37, 6.99),
(4774, 165, 58, 42.83),
(4775, 165, 31, 89.37),
(4776, 165, 79, 18.38),
(4777, 166, 72, 87.61),
(4778, 166, 63, 79.6),
(4779, 166, 106, 91.21),
(4780, 166, 101, 96.07),
(4781, 166, 99, 72.89),
(4782, 166, 43, 41.88),
(4783, 166, 76, 10.77),
(4784, 166, 81, 74.78),
(4785, 166, 71, 60.6),
(4786, 166, 79, 22.99),
(4787, 166, 6, 9.33),
(4788, 166, 87, 33.59),
(4789, 166, 80, 50.08),
(4790, 166, 73, 91.04),
(4791, 166, 35, 61.33),
(4792, 166, 104, 15.29),
(4793, 166, 112, 81.96),
(4794, 166, 98, 94.58),
(4795, 166, 20, 54.77),
(4796, 166, 22, 14.01),
(4797, 166, 36, 22.3),
(4798, 166, 45, 94.51),
(4799, 166, 54, 75.16),
(4800, 166, 12, 79.14),
(4801, 166, 4, 69.15),
(4802, 166, 53, 65.68),
(4803, 166, 89, 90.08),
(4804, 166, 55, 87.54),
(4805, 166, 84, 88.6),
(4806, 166, 68, 96.79),
(4807, 166, 29, 25.3),
(4808, 166, 27, 16.54),
(4809, 166, 93, 18.74),
(4810, 166, 95, 89.8),
(4811, 166, 24, 54.05),
(4812, 166, 69, 67.69),
(4813, 167, 35, 31.71),
(4814, 167, 66, 26.26),
(4815, 167, 75, 24.26),
(4816, 167, 3, 47.09),
(4817, 167, 62, 31.74),
(4818, 167, 106, 1.3),
(4819, 167, 114, 92.54),
(4820, 167, 80, 96.94),
(4821, 167, 51, 48.44),
(4822, 167, 69, 21.99),
(4823, 167, 2, 21.73),
(4824, 167, 94, 20.46),
(4825, 167, 67, 2.68),
(4826, 167, 25, 92.88),
(4827, 167, 28, 80.63),
(4828, 167, 112, 56.01),
(4829, 167, 90, 21.42),
(4830, 167, 47, 27.35),
(4831, 167, 58, 57.94),
(4832, 167, 89, 8.01),
(4833, 167, 45, 45.83),
(4834, 167, 43, 56.67),
(4835, 167, 15, 19.44),
(4836, 167, 10, 7.02),
(4837, 167, 32, 9.62),
(4838, 167, 12, 20.98),
(4839, 167, 97, 18.64),
(4840, 167, 73, 9.3),
(4841, 167, 31, 31.69),
(4842, 167, 7, 80.25),
(4843, 167, 78, 47.03),
(4844, 167, 100, 7.57),
(4845, 167, 26, 73.49),
(4846, 167, 82, 35.03),
(4847, 167, 37, 9.22),
(4848, 167, 108, 54.96),
(4849, 167, 113, 94.21),
(4850, 167, 98, 84.18),
(4851, 167, 21, 40.87),
(4852, 167, 24, 37.47),
(4853, 167, 117, 45.8),
(4854, 167, 70, 13.88),
(4855, 167, 81, 36.28),
(4856, 167, 63, 95.2),
(4857, 167, 1, 33.93),
(4858, 167, 20, 30.99),
(4859, 167, 99, 43.83),
(4860, 167, 9, 12.83),
(4861, 167, 4, 55.64),
(4862, 167, 5, 9.0),
(4863, 168, 43, 51.78),
(4864, 168, 11, 52.62),
(4865, 168, 68, 23.63),
(4866, 168, 70, 6.88),
(4867, 168, 39, 36.68),
(4868, 168, 45, 28.48),
(4869, 168, 35, 98.56),
(4870, 168, 78, 96.36),
(4871, 168, 1, 32.6),
(4872, 168, 94, 7.89),
(4873, 168, 95, 54.12),
(4874, 168, 67, 81.85),
(4875, 168, 44, 5.78),
(4876, 168, 19, 4.89),
(4877, 168, 40, 1.21),
(4878, 168, 105, 96.18),
(4879, 168, 104, 87.99),
(4880, 168, 107, 7.12),
(4881, 168, 21, 31.51),
(4882, 168, 102, 7.08),
(4883, 168, 48, 23.64),
(4884, 168, 82, 89.7),
(4885, 168, 12, 32.65),
(4886, 168, 61, 41.15),
(4887, 168, 56, 32.63),
(4888, 168, 6, 52.04),
(4889, 168, 97, 85.72),
(4890, 169, 91, 94.03),
(4891, 169, 58, 94.72),
(4892, 169, 85, 80.66),
(4893, 169, 7, 54.45),
(4894, 169, 41, 22.7),
(4895, 169, 84, 67.26),
(4896, 169, 57, 92.49),
(4897, 169, 47, 3.03),
(4898, 169, 26, 97.96),
(4899, 169, 79, 67.8),
(4900, 169, 14, 12.64),
(4901, 169, 1, 31.16),
(4902, 169, 52, 33.11),
(4903, 169, 55, 16.54),
(4904, 169, 35, 58.77),
(4905, 169, 29, 16.39),
(4906, 169, 48, 14.7),
(4907, 169, 90, 45.24),
(4908, 169, 104, 86.1),
(4909, 169, 32, 1.59),
(4910, 169, 111, 60.54),
(4911, 169, 13, 70.75),
(4912, 169, 115, 81.31),
(4913, 169, 4, 14.8),
(4914, 169, 103, 5.24),
(4915, 169, 38, 89.41),
(4916, 169, 70, 78.37),
(4917, 169, 46, 95.87),
(4918, 169, 107, 20.68),
(4919, 169, 112, 92.98),
(4920, 169, 37, 7.91),
(4921, 169, 50, 92.58),
(4922, 169, 16, 34.93),
(4923, 169, 99, 97.36),
(4924, 169, 109, 59.55),
(4925, 170, 26, 5.41),
(4926, 170, 76, 1.56),
(4927, 170, 11, 45.57),
(4928, 170, 54, 85.94),
(4929, 170, 93, 42.95),
(4930, 170, 92, 16.87),
(4931, 170, 50, 43.09),
(4932, 170, 80, 16.72),
(4933, 170, 13, 66.99),
(4934, 170, 109, 38.39),
(4935, 170, 40, 48.13),
(4936, 170, 43, 20.26),
(4937, 170, 108, 84.32),
(4938, 170, 87, 10.67),
(4939, 170, 51, 61.84),
(4940, 170, 21, 39.35),
(4941, 170, 99, 75.51),
(4942, 170, 111, 74.74),
(4943, 170, 73, 90.79),
(4944, 170, 70, 26.03),
(4945, 170, 79, 58.29),
(4946, 170, 53, 92.61),
(4947, 170, 7, 89.46),
(4948, 170, 86, 95.75),
(4949, 170, 72, 57.14),
(4950, 170, 17, 53.71),
(4951, 170, 61, 1.76),
(4952, 170, 78, 10.52),
(4953, 170, 47, 12.2),
(4954, 170, 97, 9.01),
(4955, 170, 71, 59.77),
(4956, 170, 84, 45.65),
(4957, 170, 32, 78.53),
(4958, 171, 97, 93.35),
(4959, 171, 9, 97.65),
(4960, 171, 117, 10.67),
(4961, 171, 6, 12.3),
(4962, 171, 42, 78.51),
(4963, 171, 16, 60.57),
(4964, 171, 33, 68.71),
(4965, 171, 25, 68.09),
(4966, 171, 111, 13.12),
(4967, 171, 113, 29.85),
(4968, 171, 27, 93.04),
(4969, 171, 54, 68.74),
(4970, 171, 106, 93.55),
(4971, 171, 32, 72.46),
(4972, 171, 38, 59.71),
(4973, 171, 84, 36.68),
(4974, 171, 86, 93.15),
(4975, 171, 88, 10.56),
(4976, 171, 43, 94.24),
(4977, 171, 50, 15.23),
(4978, 171, 74, 90.48),
(4979, 172, 36, 89.18),
(4980, 172, 28, 15.64),
(4981, 172, 74, 79.45),
(4982, 172, 61, 92.18),
(4983, 172, 16, 9.8),
(4984, 172, 92, 82.02),
(4985, 172, 27, 9.03),
(4986, 172, 102, 35.61),
(4987, 172, 47, 65.29),
(4988, 172, 112, 78.74),
(4989, 172, 57, 23.77),
(4990, 172, 73, 79.68),
(4991, 172, 107, 12.37),
(4992, 172, 108, 15.53),
(4993, 172, 88, 33.19),
(4994, 172, 96, 74.55),
(4995, 172, 91, 77.63),
(4996, 172, 82, 95.55),
(4997, 172, 37, 27.62),
(4998, 172, 25, 58.43),
(4999, 172, 8, 86.69),
(5000, 172, 104, 55.96),
(5001, 172, 51, 27.43),
(5002, 172, 66, 58.55),
(5003, 172, 84, 64.03),
(5004, 172, 44, 50.03),
(5005, 172, 97, 63.15),
(5006, 172, 90, 14.39),
(5007, 172, 32, 68.38),
(5008, 172, 43, 19.05),
(5009, 172, 105, 80.84),
(5010, 172, 110, 18.56),
(5011, 172, 18, 18.59),
(5012, 172, 98, 42.69),
(5013, 172, 26, 36.74),
(5014, 172, 17, 72.35),
(5015, 172, 13, 17.18),
(5016, 172, 79, 41.77),
(5017, 172, 86, 10.39),
(5018, 172, 40, 67.87),
(5019, 172, 93, 98.52),
(5020, 172, 103, 31.26),
(5021, 173, 40, 64.41),
(5022, 173, 42, 91.57),
(5023, 173, 84, 49.8),
(5024, 173, 70, 7.18),
(5025, 173, 100, 52.81),
(5026, 173, 23, 78.42),
(5027, 173, 117, 79.77),
(5028, 173, 72, 98.29),
(5029, 173, 116, 94.73),
(5030, 173, 29, 30.14),
(5031, 173, 96, 50.09),
(5032, 173, 18, 77.04),
(5033, 173, 12, 35.47),
(5034, 173, 73, 93.62),
(5035, 173, 26, 85.84),
(5036, 173, 85, 92.79),
(5037, 173, 61, 89.71),
(5038, 173, 89, 24.96),
(5039, 173, 62, 91.73),
(5040, 173, 63, 51.86),
(5041, 174, 84, 97.87),
(5042, 174, 57, 61.99),
(5043, 174, 72, 62.84),
(5044, 174, 13, 96.09),
(5045, 174, 78, 65.33),
(5046, 174, 65, 30.9),
(5047, 174, 90, 92.8),
(5048, 174, 58, 48.54),
(5049, 174, 71, 95.66),
(5050, 174, 43, 4.12),
(5051, 174, 97, 92.48),
(5052, 174, 70, 36.23),
(5053, 174, 107, 90.91),
(5054, 174, 62, 43.57),
(5055, 174, 96, 82.04),
(5056, 175, 84, 78.6),
(5057, 175, 90, 18.9),
(5058, 175, 46, 14.75),
(5059, 175, 42, 94.18),
(5060, 175, 26, 18.92),
(5061, 175, 22, 27.12),
(5062, 175, 14, 37.06),
(5063, 175, 61, 47.28),
(5064, 175, 96, 4.55),
(5065, 175, 98, 72.96),
(5066, 175, 50, 14.75),
(5067, 175, 5, 61.45),
(5068, 175, 32, 2.21),
(5069, 175, 47, 80.28),
(5070, 175, 54, 25.93),
(5071, 175, 10, 18.78),
(5072, 175, 12, 84.57),
(5073, 175, 43, 86.14),
(5074, 175, 48, 29.82),
(5075, 175, 55, 35.21),
(5076, 175, 28, 53.0),
(5077, 175, 100, 12.65),
(5078, 175, 116, 94.38),
(5079, 175, 62, 63.85),
(5080, 175, 38, 70.32),
(5081, 175, 67, 91.26),
(5082, 175, 52, 68.57),
(5083, 175, 106, 27.95),
(5084, 175, 103, 11.48),
(5085, 175, 72, 15.58),
(5086, 175, 108, 76.94),
(5087, 175, 112, 61.71),
(5088, 175, 36, 77.65),
(5089, 175, 25, 4.89),
(5090, 175, 115, 40.06),
(5091, 175, 114, 22.89),
(5092, 175, 15, 56.57),
(5093, 175, 89, 79.96),
(5094, 175, 20, 51.93),
(5095, 175, 113, 41.34),
(5096, 175, 99, 36.87),
(5097, 175, 33, 52.97),
(5098, 175, 74, 49.75),
(5099, 175, 30, 95.98),
(5100, 175, 57, 36.19),
(5101, 175, 97, 41.33),
(5102, 175, 91, 87.72),
(5103, 175, 81, 3.77),
(5104, 175, 88, 88.63),
(5105, 176, 103, 42.19),
(5106, 176, 5, 66.61),
(5107, 176, 32, 13.76),
(5108, 176, 22, 62.27),
(5109, 176, 58, 19.44),
(5110, 176, 112, 8.77),
(5111, 176, 27, 4.36),
(5112, 176, 57, 87.05),
(5113, 176, 38, 87.36),
(5114, 176, 115, 38.05),
(5115, 176, 19, 15.62),
(5116, 176, 100, 99.42),
(5117, 176, 117, 7.68),
(5118, 176, 99, 12.26),
(5119, 176, 113, 38.04),
(5120, 176, 87, 22.22),
(5121, 176, 102, 78.5),
(5122, 176, 118, 17.11),
(5123, 176, 14, 6.01),
(5124, 176, 69, 94.4),
(5125, 176, 61, 58.48),
(5126, 176, 59, 40.08),
(5127, 176, 46, 33.05),
(5128, 176, 10, 99.99),
(5129, 176, 82, 8.69),
(5130, 176, 84, 56.02),
(5131, 176, 65, 67.91),
(5132, 176, 30, 49.04),
(5133, 177, 94, 89.34),
(5134, 177, 42, 19.04),
(5135, 177, 98, 9.15),
(5136, 177, 89, 7.25),
(5137, 177, 113, 98.65),
(5138, 177, 54, 89.9),
(5139, 177, 78, 22.79),
(5140, 177, 17, 3.2),
(5141, 177, 14, 64.18),
(5142, 177, 50, 88.73),
(5143, 177, 25, 79.28),
(5144, 177, 103, 41.14),
(5145, 177, 73, 28.3),
(5146, 177, 115, 98.2),
(5147, 177, 28, 88.72),
(5148, 177, 92, 31.22),
(5149, 177, 57, 47.27),
(5150, 177, 116, 67.94),
(5151, 177, 61, 65.13),
(5152, 177, 10, 93.19),
(5153, 177, 110, 57.76),
(5154, 177, 83, 86.7),
(5155, 177, 24, 80.4),
(5156, 177, 26, 52.67),
(5157, 177, 37, 81.19),
(5158, 177, 11, 14.04),
(5159, 177, 100, 4.55),
(5160, 177, 20, 90.04),
(5161, 177, 12, 69.42),
(5162, 178, 24, 76.11),
(5163, 178, 4, 44.55),
(5164, 178, 15, 33.54),
(5165, 178, 63, 64.27),
(5166, 178, 93, 24.02),
(5167, 178, 117, 59.1),
(5168, 178, 29, 38.49),
(5169, 178, 9, 84.64),
(5170, 178, 102, 21.11),
(5171, 178, 53, 36.45),
(5172, 179, 106, 83.95),
(5173, 179, 4, 30.04),
(5174, 179, 12, 94.13),
(5175, 179, 82, 21.04),
(5176, 179, 33, 67.16),
(5177, 179, 73, 24.33),
(5178, 179, 61, 5.88),
(5179, 179, 48, 58.84),
(5180, 179, 47, 96.41),
(5181, 179, 104, 67.95),
(5182, 179, 76, 1.44),
(5183, 179, 43, 14.88),
(5184, 179, 5, 36.77),
(5185, 179, 53, 32.72),
(5186, 179, 36, 55.33),
(5187, 179, 71, 29.02),
(5188, 179, 117, 58.44),
(5189, 180, 102, 44.8),
(5190, 180, 21, 21.03),
(5191, 180, 48, 54.47),
(5192, 180, 37, 81.43),
(5193, 180, 60, 77.85),
(5194, 180, 107, 87.75),
(5195, 180, 30, 94.18),
(5196, 180, 105, 19.83),
(5197, 180, 3, 25.94),
(5198, 180, 23, 63.12),
(5199, 180, 71, 60.68),
(5200, 180, 98, 52.49),
(5201, 180, 77, 35.93),
(5202, 180, 82, 65.92),
(5203, 181, 29, 6.6),
(5204, 181, 34, 46.19),
(5205, 181, 76, 46.95),
(5206, 181, 8, 12.12),
(5207, 181, 45, 99.42),
(5208, 181, 113, 3.41),
(5209, 181, 35, 88.93),
(5210, 181, 12, 83.54),
(5211, 181, 101, 31.83),
(5212, 181, 87, 6.23),
(5213, 181, 3, 44.03),
(5214, 181, 102, 76.51),
(5215, 181, 28, 70.33),
(5216, 181, 13, 85.54),
(5217, 181, 10, 37.48),
(5218, 181, 75, 24.45),
(5219, 181, 81, 83.66),
(5220, 181, 31, 94.24),
(5221, 181, 19, 91.01),
(5222, 181, 54, 77.54),
(5223, 182, 85, 1.59),
(5224, 182, 117, 84.33),
(5225, 182, 70, 33.6),
(5226, 182, 93, 90.07),
(5227, 182, 97, 3.52),
(5228, 182, 116, 80.43),
(5229, 182, 30, 12.02),
(5230, 182, 101, 96.45),
(5231, 182, 96, 96.69),
(5232, 182, 49, 71.04),
(5233, 182, 104, 71.65),
(5234, 182, 11, 67.93),
(5235, 182, 42, 36.76),
(5236, 182, 37, 50.09),
(5237, 182, 98, 62.02),
(5238, 182, 25, 38.15),
(5239, 182, 61, 61.95),
(5240, 182, 27, 73.21),
(5241, 182, 111, 7.12),
(5242, 182, 51, 68.52),
(5243, 182, 47, 9.28),
(5244, 182, 86, 34.03),
(5245, 182, 59, 79.82),
(5246, 182, 39, 24.34),
(5247, 182, 12, 53.62),
(5248, 182, 110, 98.27),
(5249, 182, 26, 47.06),
(5250, 182, 57, 5.03),
(5251, 182, 71, 78.12),
(5252, 182, 17, 20.43),
(5253, 182, 88, 7.32),
(5254, 182, 72, 95.27),
(5255, 183, 101, 95.53),
(5256, 183, 116, 11.21),
(5257, 183, 94, 38.35),
(5258, 183, 109, 17.86),
(5259, 183, 46, 86.09),
(5260, 183, 77, 96.43),
(5261, 183, 60, 5.07),
(5262, 183, 29, 60.52),
(5263, 183, 63, 9.45),
(5264, 183, 8, 89.9),
(5265, 183, 73, 38.96),
(5266, 183, 90, 4.95),
(5267, 183, 41, 32.22),
(5268, 183, 6, 50.76),
(5269, 183, 24, 3.03),
(5270, 183, 39, 5.16),
(5271, 183, 36, 90.77),
(5272, 183, 85, 19.36),
(5273, 183, 51, 14.91),
(5274, 183, 95, 24.44),
(5275, 183, 4, 71.6),
(5276, 183, 86, 13.93),
(5277, 183, 82, 56.29),
(5278, 183, 23, 41.48),
(5279, 183, 108, 81.58),
(5280, 183, 44, 32.98),
(5281, 183, 67, 94.65),
(5282, 183, 61, 7.12),
(5283, 183, 56, 58.07),
(5284, 183, 99, 9.89),
(5285, 183, 13, 71.67),
(5286, 183, 65, 92.26),
(5287, 183, 27, 40.23),
(5288, 183, 7, 53.23),
(5289, 184, 49, 5.03),
(5290, 184, 19, 69.77),
(5291, 184, 66, 85.65),
(5292, 184, 113, 39.65),
(5293, 184, 20, 34.54),
(5294, 184, 28, 35.61),
(5295, 184, 68, 81.63),
(5296, 184, 62, 13.81),
(5297, 184, 81, 72.16),
(5298, 184, 107, 8.16),
(5299, 184, 79, 73.85),
(5300, 184, 52, 25.5),
(5301, 184, 103, 76.47),
(5302, 184, 110, 54.37),
(5303, 184, 23, 30.44),
(5304, 184, 106, 82.1),
(5305, 184, 89, 67.63),
(5306, 184, 69, 72.79),
(5307, 184, 13, 50.43),
(5308, 184, 75, 16.24),
(5309, 184, 33, 58.96),
(5310, 184, 85, 1.35),
(5311, 184, 65, 41.04),
(5312, 184, 42, 65.96),
(5313, 184, 114, 8.76),
(5314, 184, 7, 60.66),
(5315, 185, 6, 12.77),
(5316, 185, 58, 87.98),
(5317, 185, 25, 55.57),
(5318, 185, 88, 50.75),
(5319, 185, 47, 75.07),
(5320, 185, 116, 40.57),
(5321, 185, 74, 35.16),
(5322, 185, 35, 62.75),
(5323, 185, 102, 82.27),
(5324, 185, 95, 86.44),
(5325, 186, 46, 90.27),
(5326, 186, 5, 66.99),
(5327, 186, 91, 50.98),
(5328, 186, 104, 24.97),
(5329, 186, 15, 32.76),
(5330, 186, 77, 54.73),
(5331, 186, 29, 18.24),
(5332, 186, 76, 82.51),
(5333, 186, 17, 11.98),
(5334, 186, 59, 50.65),
(5335, 186, 36, 37.89),
(5336, 186, 58, 66.26),
(5337, 186, 64, 49.34),
(5338, 186, 81, 76.93),
(5339, 186, 57, 43.2),
(5340, 186, 4, 27.83),
(5341, 186, 78, 59.54),
(5342, 186, 52, 6.53),
(5343, 186, 48, 20.97),
(5344, 186, 90, 53.24),
(5345, 186, 38, 52.78),
(5346, 186, 21, 86.61),
(5347, 186, 108, 19.07),
(5348, 186, 69, 9.13),
(5349, 186, 8, 56.99),
(5350, 186, 88, 65.29),
(5351, 186, 75, 75.56),
(5352, 186, 56, 60.29),
(5353, 186, 97, 2.0),
(5354, 186, 53, 81.13),
(5355, 186, 101, 15.17),
(5356, 186, 70, 45.88),
(5357, 186, 98, 98.13),
(5358, 186, 11, 64.21),
(5359, 186, 73, 97.87),
(5360, 186, 113, 9.42),
(5361, 186, 47, 58.94),
(5362, 186, 2, 26.7),
(5363, 186, 33, 8.35),
(5364, 186, 23, 48.93),
(5365, 186, 112, 66.01),
(5366, 186, 43, 7.61),
(5367, 186, 74, 33.32),
(5368, 186, 60, 51.17),
(5369, 186, 49, 94.68),
(5370, 186, 109, 21.21),
(5371, 186, 65, 34.27),
(5372, 186, 10, 88.39),
(5373, 186, 68, 98.86),
(5374, 187, 17, 86.14),
(5375, 187, 50, 26.04),
(5376, 187, 86, 87.65),
(5377, 187, 57, 69.35),
(5378, 187, 53, 77.04),
(5379, 187, 63, 72.58),
(5380, 187, 54, 92.94),
(5381, 187, 92, 28.09),
(5382, 187, 24, 91.4),
(5383, 187, 72, 7.54),
(5384, 187, 84, 7.07),
(5385, 187, 70, 81.75),
(5386, 187, 39, 42.03),
(5387, 187, 20, 86.98),
(5388, 187, 19, 65.94),
(5389, 187, 31, 54.5),
(5390, 187, 88, 28.55),
(5391, 187, 12, 78.42),
(5392, 187, 4, 59.23),
(5393, 187, 32, 95.15),
(5394, 187, 28, 41.72),
(5395, 187, 40, 33.0),
(5396, 187, 118, 95.88),
(5397, 187, 5, 31.98),
(5398, 187, 77, 68.43),
(5399, 187, 108, 24.23),
(5400, 187, 61, 49.84),
(5401, 187, 27, 8.96),
(5402, 187, 80, 61.32),
(5403, 187, 112, 60.3),
(5404, 188, 55, 86.23),
(5405, 188, 86, 46.07),
(5406, 188, 78, 97.24),
(5407, 188, 26, 27.1),
(5408, 188, 24, 68.18),
(5409, 188, 2, 42.67),
(5410, 188, 38, 19.58),
(5411, 188, 92, 2.29),
(5412, 188, 72, 48.65),
(5413, 188, 6, 91.94),
(5414, 188, 114, 9.92),
(5415, 188, 65, 82.66),
(5416, 188, 14, 51.03),
(5417, 188, 27, 53.87),
(5418, 188, 80, 87.14),
(5419, 188, 32, 52.1),
(5420, 188, 107, 72.41),
(5421, 188, 39, 34.61),
(5422, 188, 7, 42.15),
(5423, 188, 62, 39.23),
(5424, 188, 93, 3.65),
(5425, 188, 104, 44.53),
(5426, 188, 85, 57.12),
(5427, 188, 73, 40.71),
(5428, 188, 68, 84.32),
(5429, 188, 58, 45.08),
(5430, 188, 46, 89.14),
(5431, 188, 44, 9.62),
(5432, 188, 70, 50.89),
(5433, 188, 33, 3.44),
(5434, 188, 59, 54.14),
(5435, 188, 36, 72.26),
(5436, 188, 21, 32.19),
(5437, 188, 102, 31.61),
(5438, 188, 35, 52.26),
(5439, 188, 54, 21.94),
(5440, 188, 75, 91.5),
(5441, 188, 16, 25.09),
(5442, 188, 63, 82.2),
(5443, 188, 19, 78.81),
(5444, 188, 37, 21.02),
(5445, 188, 17, 2.01),
(5446, 188, 98, 8.03),
(5447, 188, 29, 26.47),
(5448, 188, 66, 25.51),
(5449, 189, 10, 73.6),
(5450, 189, 3, 78.47),
(5451, 189, 19, 54.01),
(5452, 189, 74, 56.19),
(5453, 189, 1, 95.51),
(5454, 189, 82, 36.51),
(5455, 189, 35, 40.39),
(5456, 189, 41, 43.81),
(5457, 189, 103, 27.42),
(5458, 189, 42, 27.84),
(5459, 189, 96, 21.87),
(5460, 189, 91, 50.52),
(5461, 189, 47, 92.07),
(5462, 189, 102, 41.49),
(5463, 189, 111, 29.28),
(5464, 189, 76, 52.86),
(5465, 189, 60, 53.46),
(5466, 189, 79, 8.33),
(5467, 189, 44, 36.17),
(5468, 189, 27, 96.19),
(5469, 189, 11, 64.45),
(5470, 189, 7, 4.56),
(5471, 189, 99, 64.27),
(5472, 189, 70, 58.89),
(5473, 189, 24, 10.33),
(5474, 189, 12, 62.1),
(5475, 189, 110, 75.95),
(5476, 189, 61, 61.7),
(5477, 189, 28, 51.27),
(5478, 189, 83, 91.64),
(5479, 190, 112, 32.81),
(5480, 190, 43, 41.59),
(5481, 190, 84, 51.34),
(5482, 190, 76, 55.31),
(5483, 190, 2, 77.08),
(5484, 190, 83, 89.66),
(5485, 190, 91, 29.35),
(5486, 190, 58, 51.9),
(5487, 190, 37, 56.82),
(5488, 190, 41, 74.63),
(5489, 190, 55, 27.2),
(5490, 190, 29, 59.97),
(5491, 190, 61, 45.68),
(5492, 190, 16, 28.12),
(5493, 190, 20, 15.2),
(5494, 190, 11, 91.71),
(5495, 190, 46, 45.84),
(5496, 190, 102, 96.88),
(5497, 190, 104, 70.47),
(5498, 190, 63, 2.84),
(5499, 190, 19, 89.94),
(5500, 190, 4, 70.08),
(5501, 190, 57, 36.23),
(5502, 190, 56, 72.74),
(5503, 190, 117, 18.68),
(5504, 190, 71, 29.24),
(5505, 190, 118, 68.55),
(5506, 190, 53, 4.5),
(5507, 190, 72, 83.68),
(5508, 190, 24, 8.56),
(5509, 190, 87, 55.03),
(5510, 190, 3, 75.82),
(5511, 190, 73, 30.06),
(5512, 190, 103, 47.03),
(5513, 190, 6, 96.09),
(5514, 191, 36, 94.5),
(5515, 191, 37, 94.86),
(5516, 191, 64, 9.76),
(5517, 191, 99, 6.23),
(5518, 191, 18, 39.48),
(5519, 191, 55, 92.23),
(5520, 191, 78, 67.12),
(5521, 191, 65, 55.88),
(5522, 191, 28, 23.45),
(5523, 191, 49, 47.38),
(5524, 191, 97, 46.83),
(5525, 191, 77, 77.97),
(5526, 191, 30, 36.69),
(5527, 191, 94, 71.04),
(5528, 191, 115, 93.64),
(5529, 191, 12, 89.76),
(5530, 192, 7, 80.59),
(5531, 192, 45, 17.97),
(5532, 192, 20, 74.57),
(5533, 192, 41, 55.78),
(5534, 192, 90, 18.47),
(5535, 192, 75, 5.44),
(5536, 192, 101, 52.61),
(5537, 192, 115, 24.33),
(5538, 192, 38, 1.36),
(5539, 192, 42, 61.08),
(5540, 192, 63, 9.7),
(5541, 192, 74, 6.67),
(5542, 192, 39, 53.46),
(5543, 192, 70, 19.52),
(5544, 192, 117, 26.11),
(5545, 192, 51, 19.55),
(5546, 192, 97, 12.57),
(5547, 192, 58, 55.49),
(5548, 192, 100, 14.85),
(5549, 192, 88, 56.99),
(5550, 192, 1, 78.47),
(5551, 192, 98, 52.39),
(5552, 192, 93, 66.25),
(5553, 192, 53, 5.93),
(5554, 192, 57, 98.76),
(5555, 192, 111, 80.32),
(5556, 192, 21, 63.51),
(5557, 192, 17, 82.39),
(5558, 192, 92, 99.8),
(5559, 192, 85, 45.41),
(5560, 192, 83, 64.78),
(5561, 193, 96, 20.75),
(5562, 193, 69, 29.27),
(5563, 193, 110, 41.52),
(5564, 193, 94, 77.84),
(5565, 193, 62, 47.9),
(5566, 193, 97, 94.37),
(5567, 193, 23, 27.65),
(5568, 193, 19, 38.58),
(5569, 193, 29, 85.0),
(5570, 193, 43, 1.93),
(5571, 193, 95, 84.49),
(5572, 193, 24, 84.28),
(5573, 193, 67, 91.08),
(5574, 193, 53, 80.68),
(5575, 193, 89, 46.34),
(5576, 193, 101, 63.32),
(5577, 194, 56, 17.59),
(5578, 194, 8, 69.05),
(5579, 194, 63, 40.02),
(5580, 194, 101, 40.64),
(5581, 194, 21, 9.97),
(5582, 194, 3, 68.38),
(5583, 194, 116, 7.2),
(5584, 194, 114, 2.55),
(5585, 194, 54, 9.25),
(5586, 194, 17, 84.18),
(5587, 194, 82, 18.63),
(5588, 194, 60, 39.99),
(5589, 194, 15, 21.81),
(5590, 194, 10, 13.27),
(5591, 194, 97, 30.77),
(5592, 194, 31, 72.92),
(5593, 194, 64, 19.28),
(5594, 194, 102, 57.95),
(5595, 194, 87, 57.52),
(5596, 194, 98, 96.38),
(5597, 194, 73, 28.22),
(5598, 194, 90, 58.45),
(5599, 194, 75, 75.57),
(5600, 194, 12, 62.68),
(5601, 194, 22, 12.61),
(5602, 194, 53, 97.06),
(5603, 194, 30, 46.33),
(5604, 194, 18, 39.08),
(5605, 194, 36, 99.28),
(5606, 194, 55, 85.68),
(5607, 194, 67, 96.0),
(5608, 194, 108, 56.54),
(5609, 194, 79, 57.56),
(5610, 194, 9, 38.67),
(5611, 194, 59, 25.28),
(5612, 194, 83, 80.28),
(5613, 194, 70, 37.97),
(5614, 194, 72, 6.03),
(5615, 194, 112, 81.33),
(5616, 194, 47, 63.27),
(5617, 194, 110, 71.44),
(5618, 194, 107, 63.49),
(5619, 194, 58, 70.58),
(5620, 194, 43, 92.36),
(5621, 194, 104, 65.98),
(5622, 195, 64, 22.71),
(5623, 195, 73, 42.16),
(5624, 195, 93, 44.08),
(5625, 195, 53, 61.89),
(5626, 195, 14, 2.37),
(5627, 195, 79, 4.06),
(5628, 195, 103, 59.65),
(5629, 195, 17, 46.54),
(5630, 195, 51, 21.39),
(5631, 195, 37, 78.49),
(5632, 195, 49, 90.88),
(5633, 195, 94, 55.47),
(5634, 195, 113, 36.84),
(5635, 195, 28, 4.94),
(5636, 195, 3, 45.38),
(5637, 195, 105, 73.76),
(5638, 195, 112, 26.2),
(5639, 195, 50, 85.12),
(5640, 195, 108, 30.84),
(5641, 195, 67, 81.43),
(5642, 195, 69, 38.07),
(5643, 195, 57, 52.27),
(5644, 195, 26, 26.94),
(5645, 195, 33, 52.56),
(5646, 195, 23, 42.89),
(5647, 195, 46, 39.06),
(5648, 195, 110, 84.73),
(5649, 195, 25, 65.57),
(5650, 195, 5, 19.27),
(5651, 195, 96, 45.42),
(5652, 195, 41, 3.73),
(5653, 195, 109, 91.71),
(5654, 195, 77, 42.97),
(5655, 195, 30, 58.33),
(5656, 195, 117, 3.74),
(5657, 195, 85, 31.39),
(5658, 195, 43, 41.82),
(5659, 195, 54, 35.47),
(5660, 195, 61, 99.25),
(5661, 195, 74, 40.29),
(5662, 195, 38, 54.9),
(5663, 195, 29, 2.69),
(5664, 195, 60, 42.27),
(5665, 196, 114, 38.05),
(5666, 196, 21, 6.72),
(5667, 196, 112, 88.55),
(5668, 196, 25, 56.96),
(5669, 196, 98, 35.58),
(5670, 196, 10, 86.63),
(5671, 196, 102, 46.08),
(5672, 196, 115, 61.76),
(5673, 196, 99, 29.33),
(5674, 196, 117, 65.55),
(5675, 196, 67, 34.92),
(5676, 196, 27, 57.3),
(5677, 196, 33, 73.96),
(5678, 196, 76, 51.9),
(5679, 196, 60, 93.21),
(5680, 196, 49, 8.21),
(5681, 196, 15, 31.61),
(5682, 196, 104, 31.3),
(5683, 196, 55, 31.76),
(5684, 196, 39, 58.13),
(5685, 196, 74, 38.51),
(5686, 196, 53, 85.94),
(5687, 196, 89, 41.19),
(5688, 196, 110, 74.31),
(5689, 196, 42, 97.36),
(5690, 196, 4, 26.89),
(5691, 196, 35, 12.72),
(5692, 196, 113, 25.89),
(5693, 196, 109, 7.38),
(5694, 196, 50, 38.14),
(5695, 196, 68, 91.06),
(5696, 196, 37, 21.37),
(5697, 196, 94, 16.82),
(5698, 196, 41, 90.18),
(5699, 196, 83, 44.56),
(5700, 196, 69, 68.38),
(5701, 197, 9, 32.77),
(5702, 197, 107, 5.64),
(5703, 197, 59, 80.3),
(5704, 197, 99, 14.36),
(5705, 197, 38, 94.37),
(5706, 197, 53, 75.46),
(5707, 197, 37, 9.02),
(5708, 197, 55, 76.77),
(5709, 197, 67, 50.29),
(5710, 197, 88, 37.48),
(5711, 197, 92, 21.08),
(5712, 197, 68, 76.05),
(5713, 197, 14, 67.39),
(5714, 197, 96, 44.22),
(5715, 197, 76, 27.14),
(5716, 197, 78, 11.05),
(5717, 197, 105, 54.73),
(5718, 197, 7, 84.65),
(5719, 197, 54, 88.35),
(5720, 197, 13, 59.68),
(5721, 197, 56, 35.14),
(5722, 197, 66, 14.52),
(5723, 197, 23, 54.62),
(5724, 197, 46, 52.14),
(5725, 197, 11, 68.33),
(5726, 197, 97, 29.15),
(5727, 197, 114, 75.95),
(5728, 197, 86, 66.81),
(5729, 197, 8, 65.85),
(5730, 197, 58, 59.46),
(5731, 197, 82, 53.02),
(5732, 197, 44, 96.98),
(5733, 197, 115, 39.36),
(5734, 197, 94, 21.22),
(5735, 197, 51, 79.54),
(5736, 197, 70, 30.08),
(5737, 197, 47, 64.3),
(5738, 197, 87, 88.32),
(5739, 197, 10, 43.24),
(5740, 197, 90, 17.52),
(5741, 197, 50, 21.3),
(5742, 197, 74, 22.18),
(5743, 197, 93, 3.41),
(5744, 197, 118, 74.15),
(5745, 198, 101, 85.64),
(5746, 198, 26, 51.51),
(5747, 198, 93, 49.88),
(5748, 198, 91, 27.27),
(5749, 198, 96, 78.9),
(5750, 198, 23, 23.06),
(5751, 198, 74, 55.13),
(5752, 198, 82, 48.09),
(5753, 198, 98, 67.51),
(5754, 198, 83, 10.64),
(5755, 198, 36, 27.22),
(5756, 198, 66, 86.96),
(5757, 198, 11, 89.78),
(5758, 198, 45, 60.21),
(5759, 198, 73, 6.19),
(5760, 198, 97, 65.84),
(5761, 199, 7, 99.28),
(5762, 199, 89, 55.61),
(5763, 199, 117, 35.18),
(5764, 199, 84, 30.67),
(5765, 199, 44, 42.9),
(5766, 199, 52, 87.61),
(5767, 199, 112, 46.58),
(5768, 199, 46, 76.72),
(5769, 199, 10, 98.75),
(5770, 199, 82, 20.62),
(5771, 199, 47, 78.97),
(5772, 199, 66, 88.92),
(5773, 199, 111, 64.11),
(5774, 199, 30, 44.3),
(5775, 199, 48, 50.09),
(5776, 199, 34, 47.89),
(5777, 199, 102, 67.48),
(5778, 199, 88, 32.06),
(5779, 199, 5, 44.71),
(5780, 199, 39, 29.17),
(5781, 199, 60, 48.37),
(5782, 199, 69, 47.8),
(5783, 199, 35, 99.89),
(5784, 199, 98, 4.51),
(5785, 199, 61, 47.14),
(5786, 199, 9, 81.03),
(5787, 199, 42, 7.42),
(5788, 199, 116, 78.4),
(5789, 199, 1, 56.7),
(5790, 199, 87, 2.22),
(5791, 199, 13, 62.78),
(5792, 199, 81, 80.25),
(5793, 199, 76, 22.38),
(5794, 199, 41, 86.15),
(5795, 200, 89, 80.29),
(5796, 200, 94, 1.51),
(5797, 200, 93, 70.34),
(5798, 200, 4, 71.02),
(5799, 200, 68, 52.02),
(5800, 200, 70, 49.41),
(5801, 200, 99, 49.44),
(5802, 200, 80, 82.48),
(5803, 200, 36, 24.54),
(5804, 200, 88, 45.3),
(5805, 200, 116, 56.35),
(5806, 200, 19, 44.68),
(5807, 200, 100, 60.81),
(5808, 200, 67, 76.41),
(5809, 200, 18, 36.06),
(5810, 200, 49, 34.77),
(5811, 200, 71, 9.4),
(5812, 200, 97, 16.99);

INSERT INTO carregamentos (id, usuario_id, status, data_estimada_consumacao, data_real_consumacao) VALUES
(1, 6, 'finalizado', '2024-05-15', '2024-05-14'),
(2, 8, 'adiado', '2024-05-07', '2024-05-05'),
(3, 4, 'finalizado', '2024-03-25', '2024-03-26'),
(4, 5, 'finalizado', '2024-12-12', '2024-12-14'),
(5, 3, 'finalizado', '2024-11-17', '2024-11-20'),
(6, 6, 'em_andamento', '2024-03-28', '2024-04-02'),
(7, 2, 'adiado', '2024-01-13', '2024-01-12'),
(8, 2, 'finalizado', '2024-12-24', '2024-12-28'),
(9, 4, 'finalizado', '2024-02-10', '2024-02-15'),
(10, 5, 'finalizado', '2024-11-21', '2024-11-21'),
(11, 7, 'finalizado', '2024-09-01', '2024-08-31'),
(12, 6, 'finalizado', '2024-10-14', '2024-10-16'),
(13, 4, 'em_andamento', '2024-01-16', '2024-01-20'),
(14, 1, 'adiado', '2024-07-09', '2024-07-11'),
(15, 8, 'adiado', '2024-11-19', '2024-11-17'),
(16, 5, 'finalizado', '2024-01-20', '2024-01-23'),
(17, 3, 'adiado', '2024-11-26', '2024-11-30'),
(18, 1, 'finalizado', '2024-03-07', '2024-03-08'),
(19, 2, 'em_andamento', '2024-12-04', '2024-12-04'),
(20, 1, 'finalizado', '2024-03-01', '2024-03-06'),
(21, 2, 'em_andamento', '2024-02-11', '2024-02-15'),
(22, 4, 'finalizado', '2024-06-05', '2024-06-06'),
(23, 6, 'adiado', '2024-05-01', '2024-04-30'),
(24, 7, 'adiado', '2024-04-15', '2024-04-19'),
(25, 7, 'adiado', '2024-12-22', '2024-12-23'),
(26, 3, 'adiado', '2024-04-17', '2024-04-19'),
(27, 1, 'em_andamento', '2024-07-24', '2024-07-28'),
(28, 1, 'em_andamento', '2024-04-18', '2024-04-21'),
(29, 7, 'finalizado', '2024-09-18', '2024-09-21'),
(30, 2, 'finalizado', '2024-11-13', '2024-11-14'),
(31, 1, 'em_andamento', '2024-12-02', '2024-12-05'),
(32, 8, 'finalizado', '2024-02-07', '2024-02-12'),
(33, 3, 'adiado', '2024-02-02', '2024-02-07'),
(34, 7, 'em_andamento', '2024-03-12', '2024-03-13'),
(35, 1, 'adiado', '2024-11-13', '2024-11-16'),
(36, 2, 'finalizado', '2024-02-02', '2024-02-03'),
(37, 5, 'em_andamento', '2024-05-20', '2024-05-19'),
(38, 7, 'finalizado', '2024-08-06', '2024-08-07'),
(39, 5, 'finalizado', '2024-04-01', '2024-04-02'),
(40, 5, 'em_andamento', '2024-11-25', '2024-11-23'),
(41, 4, 'finalizado', '2024-06-05', '2024-06-07'),
(42, 5, 'adiado', '2024-11-04', '2024-11-05'),
(43, 8, 'em_andamento', '2024-05-20', '2024-05-22'),
(44, 8, 'finalizado', '2024-10-04', '2024-10-04'),
(45, 1, 'adiado', '2024-05-10', '2024-05-09'),
(46, 7, 'adiado', '2024-09-09', '2024-09-11'),
(47, 1, 'finalizado', '2024-09-01', '2024-09-04'),
(48, 1, 'adiado', '2024-06-17', '2024-06-21'),
(49, 3, 'finalizado', '2024-04-10', '2024-04-10'),
(50, 2, 'em_andamento', '2024-05-20', '2024-05-19'),
(51, 1, 'adiado', '2024-10-28', '2024-10-28'),
(52, 8, 'finalizado', '2024-06-13', '2024-06-16'),
(53, 2, 'finalizado', '2024-08-20', '2024-08-25'),
(54, 2, 'finalizado', '2024-10-25', '2024-10-24'),
(55, 5, 'em_andamento', '2024-04-02', '2024-04-05'),
(56, 7, 'em_andamento', '2024-12-13', '2024-12-18'),
(57, 4, 'finalizado', '2024-06-20', '2024-06-20'),
(58, 4, 'adiado', '2024-10-21', '2024-10-24'),
(59, 1, 'em_andamento', '2024-03-28', '2024-03-29'),
(60, 4, 'em_andamento', '2024-07-16', '2024-07-15'),
(61, 8, 'finalizado', '2024-03-30', '2024-03-28'),
(62, 7, 'em_andamento', '2024-06-28', '2024-06-26'),
(63, 4, 'finalizado', '2024-07-19', '2024-07-22'),
(64, 1, 'adiado', '2024-04-25', '2024-04-29'),
(65, 7, 'em_andamento', '2024-09-17', '2024-09-18'),
(66, 6, 'em_andamento', '2024-02-15', '2024-02-15'),
(67, 5, 'em_andamento', '2024-02-13', '2024-02-18'),
(68, 3, 'adiado', '2024-09-17', '2024-09-21'),
(69, 1, 'adiado', '2024-11-17', '2024-11-19'),
(70, 8, 'finalizado', '2024-07-10', '2024-07-14'),
(71, 6, 'em_andamento', '2024-02-04', '2024-02-09'),
(72, 7, 'em_andamento', '2024-04-01', '2024-04-02'),
(73, 6, 'adiado', '2024-05-06', '2024-05-08'),
(74, 1, 'em_andamento', '2024-02-21', '2024-02-26'),
(75, 4, 'em_andamento', '2024-10-09', '2024-10-10'),
(76, 1, 'em_andamento', '2024-05-22', '2024-05-25'),
(77, 8, 'finalizado', '2024-03-02', '2024-03-01'),
(78, 1, 'finalizado', '2024-09-12', '2024-09-12'),
(79, 8, 'adiado', '2024-07-07', '2024-07-05'),
(80, 1, 'em_andamento', '2024-11-19', '2024-11-24'),
(81, 5, 'finalizado', '2024-07-14', '2024-07-19'),
(82, 4, 'adiado', '2024-09-27', '2024-09-29'),
(83, 5, 'adiado', '2024-06-14', '2024-06-18'),
(84, 1, 'adiado', '2024-11-02', '2024-10-31'),
(85, 7, 'adiado', '2024-02-17', '2024-02-20'),
(86, 1, 'adiado', '2024-12-01', '2024-11-30'),
(87, 8, 'em_andamento', '2024-07-23', '2024-07-28'),
(88, 2, 'em_andamento', '2024-06-08', '2024-06-11'),
(89, 4, 'adiado', '2024-08-29', '2024-09-02'),
(90, 3, 'finalizado', '2024-08-05', '2024-08-05'),
(91, 8, 'finalizado', '2024-06-28', '2024-06-28'),
(92, 4, 'adiado', '2024-05-08', '2024-05-12'),
(93, 4, 'finalizado', '2024-08-21', '2024-08-20'),
(94, 3, 'em_andamento', '2024-04-11', '2024-04-14'),
(95, 3, 'adiado', '2024-03-29', '2024-03-29'),
(96, 5, 'adiado', '2024-11-14', '2024-11-13'),
(97, 2, 'em_andamento', '2024-06-16', '2024-06-15'),
(98, 8, 'em_andamento', '2024-04-30', '2024-04-30'),
(99, 3, 'finalizado', '2024-08-27', '2024-08-26'),
(100, 2, 'finalizado', '2024-09-13', '2024-09-17');

INSERT INTO carregamento_movimentacao_estoque (id, carregamento_id, movimentacao_estoque_id) VALUES
(1, 1, 91),
(2, 1, 112),
(3, 1, 80),
(4, 1, 62),
(5, 1, 6),
(6, 1, 57),
(7, 1, 163),
(8, 1, 157),
(9, 1, 151),
(10, 1, 63),
(11, 1, 184),
(12, 1, 95),
(13, 1, 173),
(14, 1, 152),
(15, 1, 104),
(16, 1, 87),
(17, 1, 38),
(18, 1, 25),
(19, 1, 139),
(20, 1, 2),
(21, 1, 153),
(22, 1, 99),
(23, 1, 154),
(24, 1, 142),
(25, 2, 166),
(26, 2, 7),
(27, 2, 197),
(28, 2, 77),
(29, 2, 102),
(30, 2, 64),
(31, 2, 46),
(32, 2, 159),
(33, 2, 175),
(34, 2, 94),
(35, 2, 28),
(36, 2, 1),
(37, 2, 78),
(38, 2, 3),
(39, 2, 14),
(40, 2, 92),
(41, 2, 200),
(42, 2, 171),
(43, 2, 164),
(44, 2, 18),
(45, 2, 167),
(46, 2, 42),
(47, 2, 128),
(48, 3, 177),
(49, 3, 180),
(50, 3, 162),
(51, 3, 48),
(52, 3, 174),
(53, 3, 58),
(54, 3, 196),
(55, 3, 185),
(56, 3, 59),
(57, 3, 109),
(58, 3, 90),
(59, 3, 72),
(60, 3, 51),
(61, 3, 66),
(62, 3, 12),
(63, 3, 34),
(64, 3, 70),
(65, 3, 141),
(66, 3, 17),
(67, 3, 118),
(68, 3, 187),
(69, 3, 73),
(70, 3, 146),
(71, 3, 120),
(72, 3, 116),
(73, 3, 117),
(74, 3, 122),
(75, 3, 36),
(76, 3, 155),
(77, 3, 172),
(78, 4, 8),
(79, 4, 55),
(80, 4, 158),
(81, 4, 179),
(82, 4, 136),
(83, 4, 183),
(84, 4, 32),
(85, 4, 103),
(86, 4, 61),
(87, 4, 195),
(88, 4, 169),
(89, 4, 147),
(90, 4, 131),
(91, 4, 31),
(92, 4, 160),
(93, 5, 114),
(94, 5, 105),
(95, 5, 96),
(96, 5, 168),
(97, 5, 79),
(98, 5, 121),
(99, 5, 93),
(100, 5, 190),
(101, 5, 33),
(102, 5, 140),
(103, 6, 150),
(104, 6, 176),
(105, 6, 69),
(106, 6, 161),
(107, 6, 76),
(108, 6, 85),
(109, 6, 165),
(110, 6, 193),
(111, 6, 192),
(112, 6, 65),
(113, 6, 67),
(114, 6, 138),
(115, 6, 149),
(116, 6, 110),
(117, 6, 127),
(118, 6, 135),
(119, 6, 129),
(120, 6, 111),
(121, 6, 71),
(122, 6, 186),
(123, 6, 54),
(124, 6, 198),
(125, 6, 10),
(126, 6, 43),
(127, 6, 178),
(128, 6, 60),
(129, 7, 108),
(130, 7, 132),
(131, 7, 26),
(132, 7, 9),
(133, 7, 88),
(134, 7, 4),
(135, 7, 23),
(136, 7, 29),
(137, 7, 124),
(138, 7, 44),
(139, 8, 21),
(140, 8, 86),
(141, 8, 22),
(142, 8, 19),
(143, 8, 81),
(144, 8, 98),
(145, 8, 156),
(146, 8, 13),
(147, 8, 107),
(148, 8, 170),
(149, 8, 191),
(150, 8, 97),
(151, 8, 11),
(152, 8, 39),
(153, 8, 148),
(154, 8, 82),
(155, 8, 47),
(156, 8, 189),
(157, 8, 137),
(158, 8, 199),
(159, 8, 50),
(160, 8, 145),
(161, 9, 123),
(162, 9, 133),
(163, 9, 89),
(164, 9, 37),
(165, 9, 181),
(166, 9, 30),
(167, 9, 45),
(168, 9, 15),
(169, 9, 84),
(170, 9, 143),
(171, 9, 74),
(172, 9, 106),
(173, 9, 194),
(174, 9, 126),
(175, 9, 182),
(176, 9, 5),
(177, 9, 40),
(178, 9, 27),
(179, 9, 144),
(180, 9, 113),
(181, 9, 35),
(182, 9, 20),
(183, 10, 56),
(184, 10, 75),
(185, 10, 134),
(186, 10, 100),
(187, 10, 125),
(188, 10, 101),
(189, 10, 53),
(190, 10, 188),
(191, 10, 52),
(192, 10, 115),
(193, 10, 68),
(194, 10, 83),
(195, 10, 24),
(196, 10, 49),
(197, 10, 119),
(198, 11, 130),
(199, 11, 41),
(200, 11, 16);